order,number,identifier,height_m,weight_kg,type1,type2
1,1,bulbasaur,0.7,6.9,grass,poison
2,2,ivysaur,1,13,grass,poison
3,3,venusaur,2,100,grass,poison
4,3,venusaur-mega,2.4,155.5,grass,poison
5,4,charmander,0.6,8.5,fire,
6,5,charmeleon,1.1,19,fire,
7,6,charizard,1.7,90.5,fire,flying
8,6,charizard-mega-x,1.7,110.5,fire,dragon
9,6,charizard-mega-y,1.7,100.5,fire,flying
10,6,charizard-gigantamax,28,,fire,flying
11,7,squirtle,0.5,9,water,
12,8,wartortle,1,22.5,water,
13,9,blastoise,1.6,85.5,water,
14,9,blastoise-mega,1.6,101.1,water,
15,10,caterpie,0.3,2.9,bug,
16,11,metapod,0.7,9.9,bug,
17,12,butterfree,1.1,32,bug,flying
18,12,butterfree-gigantamax,17,,bug,flying
19,13,weedle,0.3,3.2,bug,poison
20,14,kakuna,0.6,10,bug,poison
21,15,beedrill,1,29.5,bug,poison
22,15,beedrill-mega,1.4,40.5,bug,poison
23,16,pidgey,0.3,1.8,normal,flying
24,17,pidgeotto,1.1,30,normal,flying
25,18,pidgeot,1.5,39.5,normal,flying
26,18,pidgeot-mega,2.2,50.5,normal,flying
27,19,rattata,0.3,3.5,normal,
28,19,rattata-alola,0.3,3.8,dark,normal
29,20,raticate,0.7,18.5,normal,
30,20,raticate-alola,0.7,25.5,dark,normal
31,21,spearow,0.3,2,normal,flying
32,22,fearow,1.2,38,normal,flying
33,23,ekans,2,6.9,poison,
34,24,arbok,3.5,65,poison,
35,172,pichu,0.3,2,electric,
36,172,pichu-spiky-eared,0.3,2,electric,
37,25,pikachu,0.4,6,electric,
38,25,pikachu-cosplay,0.4,6,electric,
39,25,pikachu-rock-star,0.4,6,electric,
40,25,pikachu-belle,0.4,6,electric,
41,25,pikachu-pop-star,0.4,6,electric,
42,25,pikachu-ph-d,0.4,6,electric,
43,25,pikachu-libre,0.4,6,electric,
44,25,pikachu-original-cap,0.4,6,electric,
45,25,pikachu-hoenn-cap,0.4,6,electric,
46,25,pikachu-sinnoh-cap,0.4,6,electric,
47,25,pikachu-unova-cap,0.4,6,electric,
48,25,pikachu-kalos-cap,0.4,6,electric,
49,25,pikachu-alola-cap,0.4,6,electric,
50,25,pikachu-partner-cap,0.4,6,electric,
51,25,pikachu-gigantamax,21,,electric,
52,26,raichu,0.8,30,electric,
53,26,raichu-alola,0.7,21,electric,psychic
54,27,sandshrew,0.6,12,ground,
55,27,sandshrew-alola,0.7,40,ice,steel
56,28,sandslash,1,29.5,ground,
57,28,sandslash-alola,1.2,55,ice,steel
58,29,nidoran-female,0.4,7,poison,
59,30,nidorina,0.8,20,poison,
60,31,nidoqueen,1.3,60,poison,ground
61,32,nidoran-male,0.5,9,poison,
62,33,nidorino,0.9,19.5,poison,
63,34,nidoking,1.4,62,poison,ground
64,173,cleffa,0.3,3,fairy,
65,35,clefairy,0.6,7.5,fairy,
66,36,clefable,1.3,40,fairy,
67,37,vulpix,0.6,9.9,fire,
68,37,vulpix-alola,0.6,9.9,ice,
69,38,ninetales,1.1,19.9,fire,
70,38,ninetales-alola,1.1,19.9,ice,fairy
71,174,igglybuff,0.3,1,normal,fairy
72,39,jigglypuff,0.5,5.5,normal,fairy
73,40,wigglytuff,1,12,normal,fairy
74,41,zubat,0.8,7.5,poison,flying
75,42,golbat,1.6,55,poison,flying
76,169,crobat,1.8,75,poison,flying
77,43,oddish,0.5,5.4,grass,poison
78,44,gloom,0.8,8.6,grass,poison
79,45,vileplume,1.2,18.6,grass,poison
80,182,bellossom,0.4,5.8,grass,
81,46,paras,0.3,5.4,bug,grass
82,47,parasect,1,29.5,bug,grass
83,48,venonat,1,30,bug,poison
84,49,venomoth,1.5,12.5,bug,poison
85,50,diglett,0.2,0.8,ground,
86,50,diglett-alola,0.2,1,ground,steel
87,51,dugtrio,0.7,33.3,ground,
88,51,dugtrio-alola,0.7,66.6,ground,steel
89,52,meowth,0.4,4.2,normal,
90,52,meowth-alola,0.4,4.2,dark,
91,52,meowth-galar,0.4,7.5,steel,
92,52,meowth-gigantamax,33,,normal,
93,53,persian,1,32,normal,
94,53,persian-alola,1.1,33,dark,
95,863,perrserker,0.8,28,steel,
96,54,psyduck,0.8,19.6,water,
97,55,golduck,1.7,76.6,water,
98,56,mankey,0.5,28,fighting,
99,57,primeape,1,32,fighting,
100,58,growlithe,0.7,19,fire,
101,59,arcanine,1.9,155,fire,
102,60,poliwag,0.6,12.4,water,
103,61,poliwhirl,1,20,water,
104,62,poliwrath,1.3,54,water,fighting
105,186,politoed,1.1,33.9,water,
106,63,abra,0.9,19.5,psychic,
107,64,kadabra,1.3,56.5,psychic,
108,65,alakazam,1.5,48,psychic,
109,65,alakazam-mega,1.2,48,psychic,
110,66,machop,0.8,19.5,fighting,
111,67,machoke,1.5,70.5,fighting,
112,68,machamp,1.6,130,fighting,
113,68,machamp-gigantamax,25,,fighting,
114,69,bellsprout,0.7,4,grass,poison
115,70,weepinbell,1,6.4,grass,poison
116,71,victreebel,1.7,15.5,grass,poison
117,72,tentacool,0.9,45.5,water,poison
118,73,tentacruel,1.6,55,water,poison
119,74,geodude,0.4,20,rock,ground
120,74,geodude-alola,0.4,20.3,rock,electric
121,75,graveler,1,105,rock,ground
122,75,graveler-alola,1,110,rock,electric
123,76,golem,1.4,300,rock,ground
124,76,golem-alola,1.7,316,rock,electric
125,77,ponyta,1,30,fire,
126,77,ponyta-galar,0.8,24,psychic,
127,78,rapidash,1.7,95,fire,
128,78,rapidash-galar,1.7,80,psychic,fairy
129,79,slowpoke,1.2,36,water,psychic
130,79,slowpoke-galar,1.2,36,psychic,
131,80,slowbro,1.6,78.5,water,psychic
132,80,slowbro-galar,1.6,70.5,poison,psychic
133,80,slowbro-mega,2,120,water,psychic
134,199,slowking,2,79.5,water,psychic
135,199,slowking-galar,1.8,79.5,poison,psychic
136,81,magnemite,0.3,6,electric,steel
137,82,magneton,1,60,electric,steel
138,462,magnezone,1.2,180,electric,steel
139,83,farfetchd,0.8,15,normal,flying
140,83,farfetchd-galar,0.8,42,fighting,
141,865,sirfetchd,0.8,117,fighting,
142,84,doduo,1.4,39.2,normal,flying
143,85,dodrio,1.8,85.2,normal,flying
144,86,seel,1.1,90,water,
145,87,dewgong,1.7,120,water,ice
146,88,grimer,0.9,30,poison,
147,88,grimer-alola,0.7,42,poison,dark
148,89,muk,1.2,30,poison,
149,89,muk-alola,1,52,poison,dark
150,90,shellder,0.3,4,water,
151,91,cloyster,1.5,132.5,water,ice
152,92,gastly,1.3,0.1,ghost,poison
153,93,haunter,1.6,0.1,ghost,poison
154,94,gengar,1.5,40.5,ghost,poison
155,94,gengar-mega,1.4,40.5,ghost,poison
156,94,gengar-gigantamax,20,,ghost,poison
157,95,onix,8.8,210,rock,ground
158,208,steelix,9.2,400,steel,ground
159,208,steelix-mega,10.5,740,steel,ground
160,96,drowzee,1,32.4,psychic,
161,97,hypno,1.6,75.6,psychic,
162,98,krabby,0.4,6.5,water,
163,99,kingler,1.3,60,water,
164,99,kingler-gigantamax,19,,water,
165,100,voltorb,0.5,10.4,electric,
166,101,electrode,1.2,66.6,electric,
167,102,exeggcute,0.4,2.5,grass,psychic
168,103,exeggutor,2,120,grass,psychic
169,103,exeggutor-alola,10.9,415.6,grass,dragon
170,104,cubone,0.4,6.5,ground,
171,105,marowak,1,45,ground,
172,105,marowak-alola,1,34,fire,ghost
173,236,tyrogue,0.7,21,fighting,
174,106,hitmonlee,1.5,49.8,fighting,
175,107,hitmonchan,1.4,50.2,fighting,
176,237,hitmontop,1.4,48,fighting,
177,108,lickitung,1.2,65.5,normal,
178,463,lickilicky,1.7,140,normal,
179,109,koffing,0.6,1,poison,
180,110,weezing,1.2,9.5,poison,
181,110,weezing-galar,3,16,poison,fairy
182,111,rhyhorn,1,115,ground,rock
183,112,rhydon,1.9,120,ground,rock
184,464,rhyperior,2.4,282.8,ground,rock
185,440,happiny,0.6,24.4,normal,
186,113,chansey,1.1,34.6,normal,
187,242,blissey,1.5,46.8,normal,
188,114,tangela,1,35,grass,
189,465,tangrowth,2,128.6,grass,
190,115,kangaskhan,2.2,80,normal,
191,115,kangaskhan-mega,2.2,100,normal,
192,116,horsea,0.4,8,water,
193,117,seadra,1.2,25,water,
194,230,kingdra,1.8,152,water,dragon
195,118,goldeen,0.6,15,water,
196,119,seaking,1.3,39,water,
197,120,staryu,0.8,34.5,water,
198,121,starmie,1.1,80,water,psychic
199,439,mime-jr,0.6,13,psychic,fairy
200,122,mr-mime,1.3,54.5,psychic,fairy
201,122,mr-mime-galar,1.4,56.8,ice,psychic
202,866,mr-rime,1.5,58.2,ice,psychic
203,123,scyther,1.5,56,bug,flying
204,212,scizor,1.8,118,bug,steel
205,212,scizor-mega,2,125,bug,steel
206,124,jynx,1.4,40.6,ice,psychic
207,238,smoochum,0.4,6,ice,psychic
208,239,elekid,0.6,23.5,electric,
209,125,electabuzz,1.1,30,electric,
210,466,electivire,1.8,138.6,electric,
211,240,magby,0.7,21.4,fire,
212,126,magmar,1.3,44.5,fire,
213,467,magmortar,1.6,68,fire,
214,127,pinsir,1.5,55,bug,
215,127,pinsir-mega,1.7,59,bug,flying
216,128,tauros,1.4,88.4,normal,
217,129,magikarp,0.9,10,water,
218,130,gyarados,6.5,235,water,flying
219,130,gyarados-mega,6.5,305,water,dark
220,131,lapras,2.5,220,water,ice
221,131,lapras-gigantamax,24,,water,ice
222,132,ditto,0.3,4,normal,
223,133,eevee,0.3,6.5,normal,
224,133,eevee-gigantamax,18,,normal,
225,134,vaporeon,1,29,water,
226,135,jolteon,0.8,24.5,electric,
227,136,flareon,0.9,25,fire,
228,196,espeon,0.9,26.5,psychic,
229,197,umbreon,1,27,dark,
230,470,leafeon,1,25.5,grass,
231,471,glaceon,0.8,25.9,ice,
232,700,sylveon,1,23.5,fairy,
233,137,porygon,0.8,36.5,normal,
234,233,porygon2,0.6,32.5,normal,
235,474,porygon-z,0.9,34,normal,
236,138,omanyte,0.4,7.5,rock,water
237,139,omastar,1,35,rock,water
238,140,kabuto,0.5,11.5,rock,water
239,141,kabutops,1.3,40.5,rock,water
240,142,aerodactyl,1.8,59,rock,flying
241,142,aerodactyl-mega,2.1,79,rock,flying
242,446,munchlax,0.6,105,normal,
243,143,snorlax,2.1,460,normal,
244,143,snorlax-gigantamax,35,,normal,
245,144,articuno,1.7,55.4,ice,flying
246,144,articuno-galar,1.7,50.9,psychic,flying
247,145,zapdos,1.6,52.6,electric,flying
248,145,zapdos-galar,1.6,58.2,fighting,flying
249,146,moltres,2,60,fire,flying
250,146,moltres-galar,2,66,dark,flying
251,147,dratini,1.8,3.3,dragon,
252,148,dragonair,4,16.5,dragon,
253,149,dragonite,2.2,210,dragon,flying
254,150,mewtwo,2,122,psychic,
255,150,mewtwo-mega-x,2.3,127,psychic,fighting
256,150,mewtwo-mega-y,1.5,33,psychic,
257,151,mew,0.4,4,psychic,
258,152,chikorita,0.9,6.4,grass,
259,153,bayleef,1.2,15.8,grass,
260,154,meganium,1.8,100.5,grass,
261,155,cyndaquil,0.5,7.9,fire,
262,156,quilava,0.9,19,fire,
263,157,typhlosion,1.7,79.5,fire,
264,158,totodile,0.6,9.5,water,
265,159,croconaw,1.1,25,water,
266,160,feraligatr,2.3,88.8,water,
267,161,sentret,0.8,6,normal,
268,162,furret,1.8,32.5,normal,
269,163,hoothoot,0.7,21.2,normal,flying
270,164,noctowl,1.6,40.8,normal,flying
271,165,ledyba,1,10.8,bug,flying
272,166,ledian,1.4,35.6,bug,flying
273,167,spinarak,0.5,8.5,bug,poison
274,168,ariados,1.1,33.5,bug,poison
275,170,chinchou,0.5,12,water,electric
276,171,lanturn,1.2,22.5,water,electric
277,175,togepi,0.3,1.5,fairy,
278,176,togetic,0.6,3.2,fairy,flying
279,468,togekiss,1.5,38,fairy,flying
280,177,natu,0.2,2,psychic,flying
281,178,xatu,1.5,15,psychic,flying
282,179,mareep,0.6,7.8,electric,
283,180,flaaffy,0.8,13.3,electric,
284,181,ampharos,1.4,61.5,electric,
285,181,ampharos-mega,1.4,61.5,electric,dragon
286,298,azurill,0.2,2,normal,fairy
287,183,marill,0.4,8.5,water,fairy
288,184,azumarill,0.8,28.5,water,fairy
289,438,bonsly,0.5,15,rock,
290,185,sudowoodo,1.2,38,rock,
291,187,hoppip,0.4,0.5,grass,flying
292,188,skiploom,0.6,1,grass,flying
293,189,jumpluff,0.8,3,grass,flying
294,190,aipom,0.8,11.5,normal,
295,424,ambipom,1.2,20.3,normal,
296,191,sunkern,0.3,1.8,grass,
297,192,sunflora,0.8,8.5,grass,
298,193,yanma,1.2,38,bug,flying
299,469,yanmega,1.9,51.5,bug,flying
300,194,wooper,0.4,8.5,water,ground
301,195,quagsire,1.4,75,water,ground
302,198,murkrow,0.5,2.1,dark,flying
303,430,honchkrow,0.9,27.3,dark,flying
304,200,misdreavus,0.7,1,ghost,
305,429,mismagius,0.9,4.4,ghost,
306,201,unown-a,0.5,5,psychic,
307,201,unown-b,0.5,5,psychic,
308,201,unown-c,0.5,5,psychic,
309,201,unown-d,0.5,5,psychic,
310,201,unown-e,0.5,5,psychic,
311,201,unown-f,0.5,5,psychic,
312,201,unown-g,0.5,5,psychic,
313,201,unown-h,0.5,5,psychic,
314,201,unown-i,0.5,5,psychic,
315,201,unown-j,0.5,5,psychic,
316,201,unown-k,0.5,5,psychic,
317,201,unown-l,0.5,5,psychic,
318,201,unown-m,0.5,5,psychic,
319,201,unown-n,0.5,5,psychic,
320,201,unown-o,0.5,5,psychic,
321,201,unown-p,0.5,5,psychic,
322,201,unown-q,0.5,5,psychic,
323,201,unown-r,0.5,5,psychic,
324,201,unown-s,0.5,5,psychic,
325,201,unown-t,0.5,5,psychic,
326,201,unown-u,0.5,5,psychic,
327,201,unown-v,0.5,5,psychic,
328,201,unown-w,0.5,5,psychic,
329,201,unown-x,0.5,5,psychic,
330,201,unown-y,0.5,5,psychic,
331,201,unown-z,0.5,5,psychic,
332,201,unown-exclamation,0.5,5,psychic,
333,201,unown-question,0.5,5,psychic,
334,360,wynaut,0.6,14,psychic,
335,202,wobbuffet,1.3,28.5,psychic,
336,203,girafarig,1.5,41.5,normal,psychic
337,204,pineco,0.6,7.2,bug,
338,205,forretress,1.2,125.8,bug,steel
339,206,dunsparce,1.5,14,normal,
340,207,gligar,1.1,64.8,ground,flying
341,472,gliscor,2,42.5,ground,flying
342,209,snubbull,0.6,7.8,fairy,
343,210,granbull,1.4,48.7,fairy,
344,211,qwilfish,0.5,3.9,water,poison
345,213,shuckle,0.6,20.5,bug,rock
346,214,heracross,1.5,54,bug,fighting
347,214,heracross-mega,1.7,62.5,bug,fighting
348,215,sneasel,0.9,28,dark,ice
349,461,weavile,1.1,34,dark,ice
350,216,teddiursa,0.6,8.8,normal,
351,217,ursaring,1.8,125.8,normal,
352,218,slugma,0.7,35,fire,
353,219,magcargo,0.8,55,fire,rock
354,220,swinub,0.4,6.5,ice,ground
355,221,piloswine,1.1,55.8,ice,ground
356,473,mamoswine,2.5,291,ice,ground
357,222,corsola,0.6,5,water,rock
358,222,corsola-galar,0.6,0.5,ghost,
359,864,cursola,1,0.4,ghost,
360,223,remoraid,0.6,12,water,
361,224,octillery,0.9,28.5,water,
362,225,delibird,0.9,16,ice,flying
363,458,mantyke,1,65,water,flying
364,226,mantine,2.1,220,water,flying
365,227,skarmory,1.7,50.5,steel,flying
366,228,houndour,0.6,10.8,dark,fire
367,229,houndoom,1.4,35,dark,fire
368,229,houndoom-mega,1.9,49.5,dark,fire
369,231,phanpy,0.5,33.5,ground,
370,232,donphan,1.1,120,ground,
371,234,stantler,1.4,71.2,normal,
372,235,smeargle,1.2,58,normal,
373,241,miltank,1.2,75.5,normal,
374,243,raikou,1.9,178,electric,
375,244,entei,2.1,198,fire,
376,245,suicune,2,187,water,
377,246,larvitar,0.6,72,rock,ground
378,247,pupitar,1.2,152,rock,ground
379,248,tyranitar,2,202,rock,dark
380,248,tyranitar-mega,2.5,255,rock,dark
381,249,lugia,5.2,216,psychic,flying
382,250,ho-oh,3.8,199,fire,flying
383,251,celebi,0.6,5,psychic,grass
384,252,treecko,0.5,5,grass,
385,253,grovyle,0.9,21.6,grass,
386,254,sceptile,1.7,52.2,grass,
387,254,sceptile-mega,1.9,55.2,grass,dragon
388,255,torchic,0.4,2.5,fire,
389,256,combusken,0.9,19.5,fire,fighting
390,257,blaziken,1.9,52,fire,fighting
391,257,blaziken-mega,1.9,52,fire,fighting
392,258,mudkip,0.4,7.6,water,
393,259,marshtomp,0.7,28,water,ground
394,260,swampert,1.5,81.9,water,ground
395,260,swampert-mega,1.9,102,water,ground
396,261,poochyena,0.5,13.6,dark,
397,262,mightyena,1,37,dark,
398,263,zigzagoon,0.4,17.5,normal,
399,263,zigzagoon-galar,0.4,17.5,dark,normal
400,264,linoone,0.5,32.5,normal,
401,264,linoone-galar,0.5,32.5,dark,normal
402,862,obstagoon,1.6,46,dark,normal
403,265,wurmple,0.3,3.6,bug,
404,266,silcoon,0.6,10,bug,
405,267,beautifly,1,28.4,bug,flying
406,268,cascoon,0.7,11.5,bug,
407,269,dustox,1.2,31.6,bug,poison
408,270,lotad,0.5,2.6,water,grass
409,271,lombre,1.2,32.5,water,grass
410,272,ludicolo,1.5,55,water,grass
411,273,seedot,0.5,4,grass,
412,274,nuzleaf,1,28,grass,dark
413,275,shiftry,1.3,59.6,grass,dark
414,276,taillow,0.3,2.3,normal,flying
415,277,swellow,0.7,19.8,normal,flying
416,278,wingull,0.6,9.5,water,flying
417,279,pelipper,1.2,28,water,flying
418,280,ralts,0.4,6.6,psychic,fairy
419,281,kirlia,0.8,20.2,psychic,fairy
420,282,gardevoir,1.6,48.4,psychic,fairy
421,282,gardevoir-mega,1.6,48.4,psychic,fairy
422,475,gallade,1.6,52,psychic,fighting
423,475,gallade-mega,1.6,56.4,psychic,fighting
424,283,surskit,0.5,1.7,bug,water
425,284,masquerain,0.8,3.6,bug,flying
426,285,shroomish,0.4,4.5,grass,
427,286,breloom,1.2,39.2,grass,fighting
428,287,slakoth,0.8,24,normal,
429,288,vigoroth,1.4,46.5,normal,
430,289,slaking,2,130.5,normal,
431,290,nincada,0.5,5.5,bug,ground
432,291,ninjask,0.8,12,bug,flying
433,292,shedinja,0.8,1.2,bug,ghost
434,293,whismur,0.6,16.3,normal,
435,294,loudred,1,40.5,normal,
436,295,exploud,1.5,84,normal,
437,296,makuhita,1,86.4,fighting,
438,297,hariyama,2.3,253.8,fighting,
439,299,nosepass,1,97,rock,
440,476,probopass,1.4,340,rock,steel
441,300,skitty,0.6,11,normal,
442,301,delcatty,1.1,32.6,normal,
443,302,sableye,0.5,11,dark,ghost
444,302,sableye-mega,0.5,161,dark,ghost
445,303,mawile,0.6,11.5,steel,fairy
446,303,mawile-mega,1,23.5,steel,fairy
447,304,aron,0.4,60,steel,rock
448,305,lairon,0.9,120,steel,rock
449,306,aggron,2.1,360,steel,rock
450,306,aggron-mega,2.2,395,steel,
451,307,meditite,0.6,11.2,fighting,psychic
452,308,medicham,1.3,31.5,fighting,psychic
453,308,medicham-mega,1.3,31.5,fighting,psychic
454,309,electrike,0.6,15.2,electric,
455,310,manectric,1.5,40.2,electric,
456,310,manectric-mega,1.8,44,electric,
457,311,plusle,0.4,4.2,electric,
458,312,minun,0.4,4.2,electric,
459,313,volbeat,0.7,17.7,bug,
460,314,illumise,0.6,17.7,bug,
461,406,budew,0.2,1.2,grass,poison
462,315,roselia,0.3,2,grass,poison
463,407,roserade,0.9,14.5,grass,poison
464,316,gulpin,0.4,10.3,poison,
465,317,swalot,1.7,80,poison,
466,318,carvanha,0.8,20.8,water,dark
467,319,sharpedo,1.8,88.8,water,dark
468,319,sharpedo-mega,2.5,130.3,water,dark
469,320,wailmer,2,130,water,
470,321,wailord,14.5,398,water,
471,322,numel,0.7,24,fire,ground
472,323,camerupt,1.9,220,fire,ground
473,323,camerupt-mega,2.5,320.5,fire,ground
474,324,torkoal,0.5,80.4,fire,
475,325,spoink,0.7,30.6,psychic,
476,326,grumpig,0.9,71.5,psychic,
477,327,spinda,1.1,5,normal,
478,328,trapinch,0.7,15,ground,
479,329,vibrava,1.1,15.3,ground,dragon
480,330,flygon,2,82,ground,dragon
481,331,cacnea,0.4,51.3,grass,
482,332,cacturne,1.3,77.4,grass,dark
483,333,swablu,0.4,1.2,normal,flying
484,334,altaria,1.1,20.6,dragon,flying
485,334,altaria-mega,1.5,20.6,dragon,fairy
486,335,zangoose,1.3,40.3,normal,
487,336,seviper,2.7,52.5,poison,
488,337,lunatone,1,168,rock,psychic
489,338,solrock,1.2,154,rock,psychic
490,339,barboach,0.4,1.9,water,ground
491,340,whiscash,0.9,23.6,water,ground
492,341,corphish,0.6,11.5,water,
493,342,crawdaunt,1.1,32.8,water,dark
494,343,baltoy,0.5,21.5,ground,psychic
495,344,claydol,1.5,108,ground,psychic
496,345,lileep,1,23.8,rock,grass
497,346,cradily,1.5,60.4,rock,grass
498,347,anorith,0.7,12.5,rock,bug
499,348,armaldo,1.5,68.2,rock,bug
500,349,feebas,0.6,7.4,water,
501,350,milotic,6.2,162,water,
502,351,castform,0.3,0.8,normal,
503,351,castform-sunny,0.3,0.8,fire,
504,351,castform-rainy,0.3,0.8,water,
505,351,castform-snowy,0.3,0.8,ice,
506,352,kecleon,1,22,normal,
507,353,shuppet,0.6,2.3,ghost,
508,354,banette,1.1,12.5,ghost,
509,354,banette-mega,1.2,13,ghost,
510,355,duskull,0.8,15,ghost,
511,356,dusclops,1.6,30.6,ghost,
512,477,dusknoir,2.2,106.6,ghost,
513,357,tropius,2,100,grass,flying
514,433,chingling,0.2,0.6,psychic,
515,358,chimecho,0.6,1,psychic,
516,359,absol,1.2,47,dark,
517,359,absol-mega,1.2,49,dark,
518,361,snorunt,0.7,16.8,ice,
519,362,glalie,1.5,256.5,ice,
520,362,glalie-mega,2.1,350.2,ice,
521,478,froslass,1.3,26.6,ice,ghost
522,363,spheal,0.8,39.5,ice,water
523,364,sealeo,1.1,87.6,ice,water
524,365,walrein,1.4,150.6,ice,water
525,366,clamperl,0.4,52.5,water,
526,367,huntail,1.7,27,water,
527,368,gorebyss,1.8,22.6,water,
528,369,relicanth,1,23.4,water,rock
529,370,luvdisc,0.6,8.7,water,
530,371,bagon,0.6,42.1,dragon,
531,372,shelgon,1.1,110.5,dragon,
532,373,salamence,1.5,102.6,dragon,flying
533,373,salamence-mega,1.8,112.6,dragon,flying
534,374,beldum,0.6,95.2,steel,psychic
535,375,metang,1.2,202.5,steel,psychic
536,376,metagross,1.6,550,steel,psychic
537,376,metagross-mega,2.5,942.9,steel,psychic
538,377,regirock,1.7,230,rock,
539,378,regice,1.8,175,ice,
540,379,registeel,1.9,205,steel,
541,380,latias,1.4,40,dragon,psychic
542,380,latias-mega,1.8,52,dragon,psychic
543,381,latios,2,60,dragon,psychic
544,381,latios-mega,2.3,70,dragon,psychic
545,382,kyogre,4.5,352,water,
546,382,kyogre-primal,9.8,430,water,
547,383,groudon,3.5,950,ground,
548,383,groudon-primal,5,999.7,ground,fire
549,384,rayquaza,7,206.5,dragon,flying
550,384,rayquaza-mega,10.8,392,dragon,flying
551,385,jirachi,0.3,1.1,steel,psychic
552,386,deoxys,1.7,60.8,psychic,
553,386,deoxys-attack,1.7,60.8,psychic,
554,386,deoxys-defense,1.7,60.8,psychic,
555,386,deoxys-speed,1.7,60.8,psychic,
556,387,turtwig,0.4,10.2,grass,
557,388,grotle,1.1,97,grass,
558,389,torterra,2.2,310,grass,ground
559,390,chimchar,0.5,6.2,fire,
560,391,monferno,0.9,22,fire,fighting
561,392,infernape,1.2,55,fire,fighting
562,393,piplup,0.4,5.2,water,
563,394,prinplup,0.8,23,water,
564,395,empoleon,1.7,84.5,water,steel
565,396,starly,0.3,2,normal,flying
566,397,staravia,0.6,15.5,normal,flying
567,398,staraptor,1.2,24.9,normal,flying
568,399,bidoof,0.5,20,normal,
569,400,bibarel,1,31.5,normal,water
570,401,kricketot,0.3,2.2,bug,
571,402,kricketune,1,25.5,bug,
572,403,shinx,0.5,9.5,electric,
573,404,luxio,0.9,30.5,electric,
574,405,luxray,1.4,42,electric,
575,408,cranidos,0.9,31.5,rock,
576,409,rampardos,1.6,102.5,rock,
577,410,shieldon,0.5,57,rock,steel
578,411,bastiodon,1.3,149.5,rock,steel
579,412,burmy-plant,0.2,3.4,bug,
580,412,burmy-sandy,0.2,3.4,bug,
581,412,burmy-trash,0.2,3.4,bug,
582,413,wormadam-plant,0.5,6.5,bug,grass
583,413,wormadam-sandy,0.5,6.5,bug,ground
584,413,wormadam-trash,0.5,6.5,bug,steel
585,414,mothim,0.9,23.3,bug,flying
586,415,combee,0.3,5.5,bug,flying
587,416,vespiquen,1.2,38.5,bug,flying
588,417,pachirisu,0.4,3.9,electric,
589,418,buizel,0.7,29.5,water,
590,419,floatzel,1.1,33.5,water,
591,420,cherubi,0.4,3.3,grass,
592,421,cherrim,0.5,9.3,grass,
593,421,cherrim-sunshine,0.5,9.3,grass,
594,422,shellos-west,0.3,6.3,water,
595,422,shellos-east,0.3,6.3,water,
596,423,gastrodon-west,0.9,29.9,water,ground
597,423,gastrodon-east,0.9,29.9,water,ground
598,425,drifloon,0.4,1.2,ghost,flying
599,426,drifblim,1.2,15,ghost,flying
600,427,buneary,0.4,5.5,normal,
601,428,lopunny,1.2,33.3,normal,
602,428,lopunny-mega,1.3,28.3,normal,fighting
603,431,glameow,0.5,3.9,normal,
604,432,purugly,1,43.8,normal,
605,434,stunky,0.4,19.2,poison,dark
606,435,skuntank,1,38,poison,dark
607,436,bronzor,0.5,60.5,steel,psychic
608,437,bronzong,1.3,187,steel,psychic
609,441,chatot,0.5,1.9,normal,flying
610,442,spiritomb,1,108,ghost,dark
611,443,gible,0.7,20.5,dragon,ground
612,444,gabite,1.4,56,dragon,ground
613,445,garchomp,1.9,95,dragon,ground
614,445,garchomp-mega,1.9,95,dragon,ground
615,447,riolu,0.7,20.2,fighting,
616,448,lucario,1.2,54,fighting,steel
617,448,lucario-mega,1.3,57.5,fighting,steel
618,449,hippopotas,0.8,49.5,ground,
619,450,hippowdon,2,300,ground,
620,451,skorupi,0.8,12,poison,bug
621,452,drapion,1.3,61.5,poison,dark
622,453,croagunk,0.7,23,poison,fighting
623,454,toxicroak,1.3,44.4,poison,fighting
624,455,carnivine,1.4,27,grass,
625,456,finneon,0.4,7,water,
626,457,lumineon,1.2,24,water,
627,459,snover,1,50.5,grass,ice
628,460,abomasnow,2.2,135.5,grass,ice
629,460,abomasnow-mega,2.7,185,grass,ice
630,479,rotom,0.3,0.3,electric,ghost
631,479,rotom-heat,0.3,0.3,electric,fire
632,479,rotom-wash,0.3,0.3,electric,water
633,479,rotom-frost,0.3,0.3,electric,ice
634,479,rotom-fan,0.3,0.3,electric,flying
635,479,rotom-mow,0.3,0.3,electric,grass
636,480,uxie,0.3,0.3,psychic,
637,481,mesprit,0.3,0.3,psychic,
638,482,azelf,0.3,0.3,psychic,
639,483,dialga,5.4,683,steel,dragon
640,484,palkia,4.2,336,water,dragon
641,485,heatran,1.7,430,fire,steel
642,486,regigigas,3.7,420,normal,
643,487,giratina,4.5,750,ghost,dragon
644,487,giratina-origin,6.9,650,ghost,dragon
645,488,cresselia,1.5,85.6,psychic,
646,489,phione,0.4,3.1,water,
647,490,manaphy,0.3,1.4,water,
648,491,darkrai,1.5,50.5,dark,
649,492,shaymin,0.2,2.1,grass,
650,492,shaymin-sky,0.4,5.2,grass,flying
651,493,arceus,3.2,320,normal,
652,493,arceus-fire,3.2,320,fire,
653,493,arceus-water,3.2,320,water,
654,493,arceus-grass,3.2,320,grass,
655,493,arceus-electric,3.2,320,electric,
656,493,arceus-ice,3.2,320,ice,
657,493,arceus-fighting,3.2,320,fighting,
658,493,arceus-poison,3.2,320,poison,
659,493,arceus-ground,3.2,320,ground,
660,493,arceus-flying,3.2,320,flying,
661,493,arceus-psychic,3.2,320,psychic,
662,493,arceus-bug,3.2,320,bug,
663,493,arceus-rock,3.2,320,rock,
664,493,arceus-ghost,3.2,320,ghost,
665,493,arceus-dragon,3.2,320,dragon,
666,493,arceus-dark,3.2,320,dark,
667,493,arceus-steel,3.2,320,steel,
668,493,arceus-fairy,3.2,320,fairy,
669,494,victini,0.4,4,psychic,fire
670,495,snivy,0.6,8.1,grass,
671,496,servine,0.8,16,grass,
672,497,serperior,3.3,63,grass,
673,498,tepig,0.5,9.9,fire,
674,499,pignite,1,55.5,fire,fighting
675,500,emboar,1.6,150,fire,fighting
676,501,oshawott,0.5,5.9,water,
677,502,dewott,0.8,24.5,water,
678,503,samurott,1.5,94.6,water,
679,504,patrat,0.5,11.6,normal,
680,505,watchog,1.1,27,normal,
681,506,lillipup,0.4,4.1,normal,
682,507,herdier,0.9,14.7,normal,
683,508,stoutland,1.2,61,normal,
684,509,purrloin,0.4,10.1,dark,
685,510,liepard,1.1,37.5,dark,
686,511,pansage,0.6,10.5,grass,
687,512,simisage,1.1,30.5,grass,
688,513,pansear,0.6,11,fire,
689,514,simisear,1,28,fire,
690,515,panpour,0.6,13.5,water,
691,516,simipour,1,29,water,
692,517,munna,0.6,23.3,psychic,
693,518,musharna,1.1,60.5,psychic,
694,519,pidove,0.3,2.1,normal,flying
695,520,tranquill,0.6,15,normal,flying
696,521,unfezant,1.2,29,normal,flying
697,522,blitzle,0.8,29.8,electric,
698,523,zebstrika,1.6,79.5,electric,
699,524,roggenrola,0.4,18,rock,
700,525,boldore,0.9,102,rock,
701,526,gigalith,1.7,260,rock,
702,527,woobat,0.4,2.1,psychic,flying
703,528,swoobat,0.9,10.5,psychic,flying
704,529,drilbur,0.3,8.5,ground,
705,530,excadrill,0.7,40.4,ground,steel
706,531,audino,1.1,31,normal,
707,531,audino-mega,1.5,32,normal,fairy
708,532,timburr,0.6,12.5,fighting,
709,533,gurdurr,1.2,40,fighting,
710,534,conkeldurr,1.4,87,fighting,
711,535,tympole,0.5,4.5,water,
712,536,palpitoad,0.8,17,water,ground
713,537,seismitoad,1.5,62,water,ground
714,538,throh,1.3,55.5,fighting,
715,539,sawk,1.4,51,fighting,
716,540,sewaddle,0.3,2.5,bug,grass
717,541,swadloon,0.5,7.3,bug,grass
718,542,leavanny,1.2,20.5,bug,grass
719,543,venipede,0.4,5.3,bug,poison
720,544,whirlipede,1.2,58.5,bug,poison
721,545,scolipede,2.5,200.5,bug,poison
722,546,cottonee,0.3,0.6,grass,fairy
723,547,whimsicott,0.7,6.6,grass,fairy
724,548,petilil,0.5,6.6,grass,
725,549,lilligant,1.1,16.3,grass,
726,550,basculin-red-striped,1,18,water,
727,550,basculin-blue-striped,1,18,water,
728,551,sandile,0.7,15.2,ground,dark
729,552,krokorok,1,33.4,ground,dark
730,553,krookodile,1.5,96.3,ground,dark
731,554,darumaka,0.6,37.5,fire,
732,554,darumaka-galar,0.7,40,ice,
733,555,darmanitan,1.3,92.9,fire,
734,555,darmanitan-zen,1.3,92.9,fire,psychic
735,555,darmanitan-galar,1.7,120,ice,
736,555,darmanitan-galar-zen,1.7,120,ice,fire
737,556,maractus,1,28,grass,
738,557,dwebble,0.3,14.5,bug,rock
739,558,crustle,1.4,200,bug,rock
740,559,scraggy,0.6,11.8,dark,fighting
741,560,scrafty,1.1,30,dark,fighting
742,561,sigilyph,1.4,14,psychic,flying
743,562,yamask,0.5,1.5,ghost,
744,562,yamask-galar,0.5,1.5,ground,ghost
745,563,cofagrigus,1.7,76.5,ghost,
746,867,runerigus,1.6,66.6,ground,ghost
747,564,tirtouga,0.7,16.5,water,rock
748,565,carracosta,1.2,81,water,rock
749,566,archen,0.5,9.5,rock,flying
750,567,archeops,1.4,32,rock,flying
751,568,trubbish,0.6,31,poison,
752,569,garbodor,1.9,107.3,poison,
753,569,garbodor-gigantamax,21,,poison,
754,570,zorua,0.7,12.5,dark,
755,571,zoroark,1.6,81.1,dark,
756,572,minccino,0.4,5.8,normal,
757,573,cinccino,0.5,7.5,normal,
758,574,gothita,0.4,5.8,psychic,
759,575,gothorita,0.7,18,psychic,
760,576,gothitelle,1.5,44,psychic,
761,577,solosis,0.3,1,psychic,
762,578,duosion,0.6,8,psychic,
763,579,reuniclus,1,20.1,psychic,
764,580,ducklett,0.5,5.5,water,flying
765,581,swanna,1.3,24.2,water,flying
766,582,vanillite,0.4,5.7,ice,
767,583,vanillish,1.1,41,ice,
768,584,vanilluxe,1.3,57.5,ice,
769,585,deerling-spring,0.6,19.5,normal,grass
770,585,deerling-summer,0.6,19.5,normal,grass
771,585,deerling-autumn,0.6,19.5,normal,grass
772,585,deerling-winter,0.6,19.5,normal,grass
773,586,sawsbuck-spring,1.9,92.5,normal,grass
774,586,sawsbuck-summer,1.9,92.5,normal,grass
775,586,sawsbuck-autumn,1.9,92.5,normal,grass
776,586,sawsbuck-winter,1.9,92.5,normal,grass
777,587,emolga,0.4,5,electric,flying
778,588,karrablast,0.5,5.9,bug,
779,589,escavalier,1,33,bug,steel
780,590,foongus,0.2,1,grass,poison
781,591,amoonguss,0.6,10.5,grass,poison
782,592,frillish,1.2,33,water,ghost
783,593,jellicent,2.2,135,water,ghost
784,594,alomomola,1.2,31.6,water,
785,595,joltik,0.1,0.6,bug,electric
786,596,galvantula,0.8,14.3,bug,electric
787,597,ferroseed,0.6,18.8,grass,steel
788,598,ferrothorn,1,110,grass,steel
789,599,klink,0.3,21,steel,
790,600,klang,0.6,51,steel,
791,601,klinklang,0.6,81,steel,
792,602,tynamo,0.2,0.3,electric,
793,603,eelektrik,1.2,22,electric,
794,604,eelektross,2.1,80.5,electric,
795,605,elgyem,0.5,9,psychic,
796,606,beheeyem,1,34.5,psychic,
797,607,litwick,0.3,3.1,ghost,fire
798,608,lampent,0.6,13,ghost,fire
799,609,chandelure,1,34.3,ghost,fire
800,610,axew,0.6,18,dragon,
801,611,fraxure,1,36,dragon,
802,612,haxorus,1.8,105.5,dragon,
803,613,cubchoo,0.5,8.5,ice,
804,614,beartic,2.6,260,ice,
805,615,cryogonal,1.1,148,ice,
806,616,shelmet,0.4,7.7,bug,
807,617,accelgor,0.8,25.3,bug,
808,618,stunfisk,0.7,11,ground,electric
809,618,stunfisk-galar,0.7,20.5,ground,steel
810,619,mienfoo,0.9,20,fighting,
811,620,mienshao,1.4,35.5,fighting,
812,621,druddigon,1.6,139,dragon,
813,622,golett,1,92,ground,ghost
814,623,golurk,2.8,330,ground,ghost
815,624,pawniard,0.5,10.2,dark,steel
816,625,bisharp,1.6,70,dark,steel
817,626,bouffalant,1.6,94.6,normal,
818,627,rufflet,0.5,10.5,normal,flying
819,628,braviary,1.5,41,normal,flying
820,629,vullaby,0.5,9,dark,flying
821,630,mandibuzz,1.2,39.5,dark,flying
822,631,heatmor,1.4,58,fire,
823,632,durant,0.3,33,bug,steel
824,633,deino,0.8,17.3,dark,dragon
825,634,zweilous,1.4,50,dark,dragon
826,635,hydreigon,1.8,160,dark,dragon
827,636,larvesta,1.1,28.8,bug,fire
828,637,volcarona,1.6,46,bug,fire
829,638,cobalion,2.1,250,steel,fighting
830,639,terrakion,1.9,260,rock,fighting
831,640,virizion,2,200,grass,fighting
832,641,tornadus,1.5,63,flying,
833,641,tornadus-therian,1.4,63,flying,
834,642,thundurus,1.5,61,electric,flying
835,642,thundurus-therian,3,61,electric,flying
836,643,reshiram,3.2,330,dragon,fire
837,644,zekrom,2.9,345,dragon,electric
838,645,landorus,1.5,68,ground,flying
839,645,landorus-therian,1.3,68,ground,flying
840,646,kyurem,3,325,dragon,ice
841,646,kyurem-white,3.6,325,dragon,ice
842,646,kyurem-black,3.3,325,dragon,ice
843,647,keldeo,1.4,48.5,water,fighting
844,647,keldeo-resolute,1.4,48.5,water,fighting
845,648,meloetta-aria,0.6,6.5,normal,psychic
846,648,meloetta-pirouette,0.6,6.5,normal,fighting
847,649,genesect,1.5,82.5,bug,steel
848,649,genesect-douse,1.5,82.5,bug,steel
849,649,genesect-shock,1.5,82.5,bug,steel
850,649,genesect-burn,1.5,82.5,bug,steel
851,649,genesect-chill,1.5,82.5,bug,steel
852,650,chespin,0.4,9,grass,
853,651,quilladin,0.7,29,grass,
854,652,chesnaught,1.6,90,grass,fighting
855,653,fennekin,0.4,9.4,fire,
856,654,braixen,1,14.5,fire,
857,655,delphox,1.5,39,fire,psychic
858,656,froakie,0.3,7,water,
859,657,frogadier,0.6,10.9,water,
860,658,greninja,1.5,40,water,dark
861,658,greninja-ash,1.5,40,water,dark
862,659,bunnelby,0.4,5,normal,
863,660,diggersby,1,42.4,normal,ground
864,661,fletchling,0.3,1.7,normal,flying
865,662,fletchinder,0.7,16,fire,flying
866,663,talonflame,1.2,24.5,fire,flying
867,664,scatterbug,0.3,2.5,bug,
868,665,spewpa,0.3,8.4,bug,
869,666,vivillon-icy-snow,1.2,17,bug,flying
870,666,vivillon-polar,1.2,17,bug,flying
871,666,vivillon-tundra,1.2,17,bug,flying
872,666,vivillon-continental,1.2,17,bug,flying
873,666,vivillon-garden,1.2,17,bug,flying
874,666,vivillon-elegant,1.2,17,bug,flying
875,666,vivillon-meadow,1.2,17,bug,flying
876,666,vivillon-modern,1.2,17,bug,flying
877,666,vivillon-marine,1.2,17,bug,flying
878,666,vivillon-archipelago,1.2,17,bug,flying
879,666,vivillon-high-plains,1.2,17,bug,flying
880,666,vivillon-sandstorm,1.2,17,bug,flying
881,666,vivillon-river,1.2,17,bug,flying
882,666,vivillon-monsoon,1.2,17,bug,flying
883,666,vivillon-savanna,1.2,17,bug,flying
884,666,vivillon-sun,1.2,17,bug,flying
885,666,vivillon-ocean,1.2,17,bug,flying
886,666,vivillon-jungle,1.2,17,bug,flying
887,666,vivillon-fancy,1.2,17,bug,flying
888,666,vivillon-poke-ball,1.2,17,bug,flying
889,667,litleo,0.6,13.5,fire,normal
890,668,pyroar,1.5,81.5,fire,normal
891,669,flabebe-red,0.1,0.1,fairy,
892,669,flabebe-yellow,0.1,0.1,fairy,
893,669,flabebe-orange,0.1,0.1,fairy,
894,669,flabebe-blue,0.1,0.1,fairy,
895,669,flabebe-white,0.1,0.1,fairy,
896,670,floette-red,0.2,0.9,fairy,
897,670,floette-yellow,0.2,0.9,fairy,
898,670,floette-orange,0.2,0.9,fairy,
899,670,floette-blue,0.2,0.9,fairy,
900,670,floette-white,0.2,0.9,fairy,
901,670,floette-eternal,0.2,0.9,fairy,
902,671,florges-red,1.1,10,fairy,
903,671,florges-yellow,1.1,10,fairy,
904,671,florges-orange,1.1,10,fairy,
905,671,florges-blue,1.1,10,fairy,
906,671,florges-white,1.1,10,fairy,
907,672,skiddo,0.9,31,grass,
908,673,gogoat,1.7,91,grass,
909,674,pancham,0.6,8,fighting,
910,675,pangoro,2.1,136,fighting,dark
911,676,furfrou,1.2,28,normal,
912,676,furfrou-heart,1.2,28,normal,
913,676,furfrou-star,1.2,28,normal,
914,676,furfrou-diamond,1.2,28,normal,
915,676,furfrou-la-reine,1.2,28,normal,
916,676,furfrou-kabuki,1.2,28,normal,
917,676,furfrou-pharaoh,1.2,28,normal,
918,676,furfrou-debutante,1.2,28,normal,
919,676,furfrou-matron,1.2,28,normal,
920,676,furfrou-dandy,1.2,28,normal,
921,677,espurr,0.3,3.5,psychic,
922,678,meowstic-female,0.6,8.5,psychic,
923,678,meowstic-male,0.6,8.5,psychic,
924,679,honedge,0.8,2,steel,ghost
925,680,doublade,0.8,4.5,steel,ghost
926,681,aegislash-shield,1.7,53,steel,ghost
927,681,aegislash-blade,1.7,53,steel,ghost
928,682,spritzee,0.2,0.5,fairy,
929,683,aromatisse,0.8,15.5,fairy,
930,684,swirlix,0.4,3.5,fairy,
931,685,slurpuff,0.8,5,fairy,
932,686,inkay,0.4,3.5,dark,psychic
933,687,malamar,1.5,47,dark,psychic
934,688,binacle,0.5,31,rock,water
935,689,barbaracle,1.3,96,rock,water
936,690,skrelp,0.5,7.3,poison,water
937,691,dragalge,1.8,81.5,poison,dragon
938,692,clauncher,0.5,8.3,water,
939,693,clawitzer,1.3,35.3,water,
940,694,helioptile,0.5,6,electric,normal
941,695,heliolisk,1,21,electric,normal
942,696,tyrunt,0.8,26,rock,dragon
943,697,tyrantrum,2.5,270,rock,dragon
944,698,amaura,1.3,25.2,rock,ice
945,699,aurorus,2.7,225,rock,ice
946,701,hawlucha,0.8,21.5,fighting,flying
947,702,dedenne,0.2,2.2,electric,fairy
948,703,carbink,0.3,5.7,rock,fairy
949,704,goomy,0.3,2.8,dragon,
950,705,sliggoo,0.8,17.5,dragon,
951,706,goodra,2,150.5,dragon,
952,707,klefki,0.2,3,steel,fairy
953,708,phantump,0.4,7,ghost,grass
954,709,trevenant,1.5,71,ghost,grass
955,710,pumpkaboo-small,0.3,3.5,ghost,grass
956,710,pumpkaboo,0.4,5,ghost,grass
957,710,pumpkaboo-large,0.5,7.5,ghost,grass
958,710,pumpkaboo-super,0.8,15,ghost,grass
959,711,gourgeist-small,0.7,9.5,ghost,grass
960,711,gourgeist,0.9,12.5,ghost,grass
961,711,gourgeist-large,1.1,14,ghost,grass
962,711,gourgeist-super,1.7,39,ghost,grass
963,712,bergmite,1,99.5,ice,
964,713,avalugg,2,505,ice,
965,714,noibat,0.5,8,flying,dragon
966,715,noivern,1.5,85,flying,dragon
967,716,xerneas,3,215,fairy,
968,716,xerneas-active,3,215,fairy,
969,717,yveltal,5.8,203,dark,flying
970,718,zygarde,1.2,33.5,dragon,ground
971,718,zygarde-10-percent,5,305,dragon,ground
972,718,zygarde-complete,4.5,610,dragon,ground
973,719,diancie,0.7,8.8,rock,fairy
974,719,diancie-mega,1.1,27.8,rock,fairy
975,720,hoopa,0.5,9,psychic,ghost
976,720,hoopa-unbound,6.5,490,psychic,dark
977,721,volcanion,1.7,195,fire,water
978,722,rowlet,0.3,1.5,grass,flying
979,723,dartrix,0.7,16,grass,flying
980,724,decidueye,1.6,36.6,grass,ghost
981,725,litten,0.4,4.3,fire,
982,726,torracat,0.7,25,fire,
983,727,incineroar,1.8,83,fire,dark
984,728,popplio,0.4,7.5,water,
985,729,brionne,0.6,17.5,water,
986,730,primarina,1.8,44,water,fairy
987,731,pikipek,0.3,1.2,normal,flying
988,732,trumbeak,0.6,14.8,normal,flying
989,733,toucannon,1.1,26,normal,flying
990,734,yungoos,0.4,6,normal,
991,735,gumshoos,0.7,14.2,normal,
992,736,grubbin,0.4,4.4,bug,
993,737,charjabug,0.5,10.5,bug,electric
994,738,vikavolt,1.5,45,bug,electric
995,739,crabrawler,0.6,7,fighting,
996,740,crabominable,1.7,180,fighting,ice
997,741,oricorio-baile,0.6,3.4,fire,flying
998,741,oricorio-pom-pom,0.6,3.4,electric,flying
999,741,oricorio-pau,0.6,3.4,psychic,flying
1000,741,oricorio-sensu,0.6,3.4,ghost,flying
1001,742,cutiefly,0.1,0.2,bug,fairy
1002,743,ribombee,0.2,0.5,bug,fairy
1003,744,rockruff,0.5,9.2,rock,
1004,745,lycanroc-midday,0.8,25,rock,
1005,745,lycanroc-midnight,1.1,25,rock,
1006,745,lycanroc-dusk,0.8,25,rock,
1007,746,wishiwashi,0.2,0.3,water,
1008,746,wishiwashi-school,8.2,78.6,water,
1009,747,mareanie,0.4,8,poison,water
1010,748,toxapex,0.7,14.5,poison,water
1011,749,mudbray,1,110,ground,
1012,750,mudsdale,2.5,920,ground,
1013,751,dewpider,0.3,4,water,bug
1014,752,araquanid,1.8,82,water,bug
1015,753,fomantis,0.3,1.5,grass,
1016,754,lurantis,0.9,18.5,grass,
1017,755,morelull,0.2,1.5,grass,fairy
1018,756,shiinotic,1,11.5,grass,fairy
1019,757,salandit,0.6,4.8,poison,fire
1020,758,salazzle,1.2,22.2,poison,fire
1021,759,stufful,0.5,6.8,normal,fighting
1022,760,bewear,2.1,135,normal,fighting
1023,761,bounsweet,0.3,3.2,grass,
1024,762,steenee,0.7,8.2,grass,
1025,763,tsareena,1.2,21.4,grass,
1026,764,comfey,0.1,0.3,fairy,
1027,765,oranguru,1.5,76,normal,psychic
1028,766,passimian,2,82.8,fighting,
1029,767,wimpod,0.5,12,bug,water
1030,768,golisopod,2,108,bug,water
1031,769,sandygast,0.5,70,ghost,ground
1032,770,palossand,1.3,250,ghost,ground
1033,771,pyukumuku,0.3,1.2,water,
1034,772,type-null,1.9,120.5,normal,
1035,773,silvally,2.3,100.5,normal,
1036,773,silvally-fire,2.3,100.5,fire,
1037,773,silvally-water,2.3,100.5,water,
1038,773,silvally-grass,2.3,100.5,grass,
1039,773,silvally-electric,2.3,100.5,electric,
1040,773,silvally-ice,2.3,100.5,ice,
1041,773,silvally-fighting,2.3,100.5,fighting,
1042,773,silvally-poison,2.3,100.5,poison,
1043,773,silvally-ground,2.3,100.5,ground,
1044,773,silvally-flying,2.3,100.5,flying,
1045,773,silvally-psychic,2.3,100.5,psychic,
1046,773,silvally-bug,2.3,100.5,bug,
1047,773,silvally-rock,2.3,100.5,rock,
1048,773,silvally-ghost,2.3,100.5,ghost,
1049,773,silvally-dragon,2.3,100.5,dragon,
1050,773,silvally-dark,2.3,100.5,dark,
1051,773,silvally-steel,2.3,100.5,steel,
1052,773,silvally-fairy,2.3,100.5,fairy,
1053,774,minior,0.3,40,rock,flying
1054,774,minior-red,0.3,0.3,rock,flying
1055,774,minior-orange,0.3,0.3,rock,flying
1056,774,minior-yellow,0.3,0.3,rock,flying
1057,774,minior-green,0.3,0.3,rock,flying
1058,774,minior-blue,0.3,0.3,rock,flying
1059,774,minior-indigo,0.3,0.3,rock,flying
1060,774,minior-violet,0.3,0.3,rock,flying
1061,775,komala,0.4,19.9,normal,
1062,776,turtonator,2,212,fire,dragon
1063,777,togedemaru,0.3,3.3,electric,steel
1064,778,mimikyu,0.2,0.7,ghost,fairy
1065,778,mimikyu-busted,0.2,0.7,ghost,fairy
1066,779,bruxish,0.9,19,water,psychic
1067,780,drampa,3,185,normal,dragon
1068,781,dhelmise,3.9,210,ghost,grass
1069,782,jangmo-o,0.6,29.7,dragon,
1070,783,hakamo-o,1.2,47,dragon,fighting
1071,784,kommo-o,1.6,78.2,dragon,fighting
1072,785,tapu-koko,1.8,20.5,electric,fairy
1073,786,tapu-lele,1.2,18.6,psychic,fairy
1074,787,tapu-bulu,1.9,45.5,grass,fairy
1075,788,tapu-fini,1.3,21.2,water,fairy
1076,789,cosmog,0.2,0.1,psychic,
1077,790,cosmoem,0.1,999.9,psychic,
1078,791,solgaleo,3.4,230,psychic,steel
1079,792,lunala,4,120,psychic,ghost
1080,793,nihilego,1.2,55.5,rock,poison
1081,794,buzzwole,2.4,333.6,bug,fighting
1082,795,pheromosa,1.8,25,bug,fighting
1083,796,xurkitree,3.8,100,electric,
1084,797,celesteela,9.2,999.9,steel,flying
1085,798,kartana,0.3,0.1,grass,steel
1086,799,guzzlord,5.5,888,dark,dragon
1087,800,necrozma,2.4,230,psychic,
1088,800,necrozma-dusk-mane,3.8,460,psychic,steel
1089,800,necrozma-dawn-wings,4.2,350,psychic,ghost
1090,800,necrozma-ultra,7.5,230,psychic,dragon
1091,801,magearna,1,80.5,steel,fairy
1092,801,magearna-original,1,80.5,steel,fairy
1093,802,marshadow,0.7,22.2,fighting,ghost
1094,803,poipole,0.6,1.8,poison,
1095,804,naganadel,3.6,150,poison,dragon
1096,805,stakataka,5.5,820,rock,steel
1097,806,blacephalon,1.8,13,fire,ghost
1098,807,zeraora,1.5,44.5,electric,
1099,808,meltan,0.2,8,steel,
1100,809,melmetal,2.5,800,steel,
1101,809,melmetal-gigantamax,25,,steel,
1102,810,grookey,0.3,5,grass,
1103,811,thwackey,0.7,14,grass,
1104,812,rillaboom,2.1,90,grass,
1105,813,scorbunny,0.3,4.5,fire,
1106,814,raboot,0.6,9,fire,
1107,815,cinderace,1.4,33,fire,
1108,816,sobble,0.3,4,water,
1109,817,drizzile,0.7,11.5,water,
1110,818,inteleon,1.9,45.2,water,
1111,819,skwovet,0.3,2.5,normal,
1112,820,greedent,0.6,6,normal,
1113,821,rookidee,0.2,1.8,flying,
1114,822,corvisquire,0.8,16,flying,
1115,823,corviknight,2.2,75,flying,steel
1116,823,corviknight-gigantamax,14,,flying,steel
1117,824,blipbug,0.4,8,bug,
1118,825,dottler,0.4,19.5,bug,psychic
1119,826,orbeetle,0.4,40.8,bug,psychic
1120,826,orbeetle-gigantamax,14,,bug,psychic
1121,827,nickit,0.6,8.9,dark,
1122,828,thievul,1.2,19.9,dark,
1123,829,gossifleur,0.4,2.2,grass,
1124,830,eldegoss,0.5,2.5,grass,
1125,831,wooloo,0.6,6,normal,
1126,832,dubwool,1.3,43,normal,
1127,833,chewtle,0.3,8.5,water,
1128,834,drednaw,1,115.5,water,rock
1129,834,drednaw-gigantamax,24,,water,rock
1130,835,yamper,0.3,13.5,electric,
1131,836,boltund,1,34,electric,
1132,837,rolycoly,0.3,12,rock,
1133,838,carkol,1.1,78,rock,fire
1134,839,coalossal,2.8,310.5,rock,fire
1135,839,coalossal-gigantamax,42,,rock,fire
1136,840,applin,0.2,0.5,grass,dragon
1137,841,flapple,0.3,1,grass,dragon
1138,841,flapple-gigantamax,24,,grass,dragon
1139,842,appletun,0.4,13,grass,dragon
1140,842,appletun-gigantamax,24,,grass,dragon
1141,843,silicobra,2.2,7.6,ground,
1142,844,sandaconda,3.8,65.5,ground,
1143,844,sandaconda-gigantamax,22,,ground,
1144,845,cramorant,0.8,18,flying,water
1145,845,cramorant-gulping,0.8,18,flying,water
1146,845,cramorant-gorging,0.8,18,flying,water
1147,846,arrokuda,0.5,1,water,
1148,847,barraskewda,1.3,30,water,
1149,848,toxel,0.4,11,electric,poison
1150,849,toxtricity-amped,1.6,40,electric,poison
1151,849,toxtricity-low-key,1.6,40,electric,poison
1152,849,toxtricity-gigantamax,24,,electric,poison
1153,850,sizzlipede,0.7,1,fire,bug
1154,851,centiskorch,3,120,fire,bug
1155,851,centiskorch-gigantamax,75,,fire,bug
1156,852,clobbopus,0.6,4,fighting,
1157,853,grapploct,1.6,39,fighting,
1158,854,sinistea,0.1,0.2,ghost,
1159,854,sinistea-antique,0.1,0.2,ghost,
1160,855,polteageist,0.2,0.4,ghost,
1161,855,polteageist-antique,0.2,0.4,ghost,
1162,856,hatenna,0.4,3.4,psychic,
1163,857,hattrem,0.6,4.8,psychic,
1164,858,hatterene,2.1,5.1,psychic,fairy
1165,858,hatterene-gigantamax,26,,psychic,fairy
1166,859,impidimp,0.4,5.5,dark,fairy
1167,860,morgrem,0.8,12.5,dark,fairy
1168,861,grimmsnarl,1.5,61,dark,fairy
1169,861,grimmsnarl-gigantamax,32,,dark,fairy
1170,868,milcery,0.2,0.3,fairy,
1171,869,alcremie-vanilla-cream,0.3,0.5,fairy,
1172,869,alcremie-ruby-cream,0.3,0.5,fairy,
1173,869,alcremie-matcha-cream,0.3,0.5,fairy,
1174,869,alcremie-mint-cream,0.3,0.5,fairy,
1175,869,alcremie-lemon-cream,0.3,0.5,fairy,
1176,869,alcremie-salted-cream,0.3,0.5,fairy,
1177,869,alcremie-ruby-swirl,0.3,0.5,fairy,
1178,869,alcremie-caramel-swirl,0.3,0.5,fairy,
1179,869,alcremie-rainbow-swirl,0.3,0.5,fairy,
1180,869,alcremie-gigantamax,30,,fairy,
1181,870,falinks,3,62,fighting,
1182,871,pincurchin,0.3,1,electric,
1183,872,snom,0.3,3.8,ice,bug
1184,873,frosmoth,1.3,42,ice,bug
1185,874,stonjourner,2.5,520,rock,
1186,875,eiscue,1.4,89,ice,
1187,875,eiscue-noice,1.4,89,ice,
1188,876,indeedee-female,0.9,28,psychic,normal
1189,876,indeedee-male,0.9,28,psychic,normal
1190,877,morpeko,0.3,3,electric,dark
1191,877,morpeko-hangry,0.3,3,electric,dark
1192,878,cufant,1.2,100,steel,
1193,879,copperajah,3,650,steel,
1194,879,copperajah-gigantamax,23,,steel,
1195,880,dracozolt,1.8,190,electric,dragon
1196,881,arctozolt,2.3,150,electric,ice
1197,882,dracovish,2.3,215,water,dragon
1198,883,arctovish,2,175,water,ice
1199,884,duraludon,1.8,40,steel,dragon
1200,884,duraludon-gigantamax,43,,steel,dragon
1201,885,dreepy,0.5,2,dragon,ghost
1202,886,drakloak,1.4,11,dragon,ghost
1203,887,dragapult,3,50,dragon,ghost
1204,888,zacian,2.8,110,fairy,
1205,888,zacian-crowned,2.8,355,fairy,steel
1206,889,zamazenta,2.9,210,fighting,
1207,889,zamazenta-crowned,2.9,785,fighting,steel
1208,890,eternatus,20,950,poison,dragon
1209,890,eternatus-eternamax,100,,poison,dragon
1210,891,kubfu,0.6,12,fighting,
1211,892,urshifu-single,1.9,105,fighting,dark
1212,892,urshifu-rapid,1.9,105,fighting,water
1213,892,urshifu-single-gigantamax,29,,fighting,dark
1214,892,urshifu-rapid-gigantamax,26,,fighting,water
1215,893,zarude,1.8,70,dark,grass
1216,893,zarude-dada,1.8,70,dark,grass
1217,894,regieleki,1.2,145,electric,
1218,895,regidrago,2.1,200,dragon,
1219,896,glastrier,2.2,800,ice,
1220,897,spectrier,2,44,ghost,
1221,898,calyrex,1.1,7.7,psychic,grass
1222,898,calyrex-ice,2.4,809.1,psychic,ice
1223,898,calyrex-shadow,2.4,53.6,psychic,ghost
