pokemon_identifier,ability_identifier,slot
bulbasaur,chlorophyll,hidden_ability
bulbasaur,overgrow,ability_1
ivysaur,chlorophyll,hidden_ability
ivysaur,overgrow,ability_1
venusaur,chlorophyll,hidden_ability
venusaur,overgrow,ability_1
venusaur-mega,thick-fat,ability_1
charmander,blaze,ability_1
charmander,solar-power,hidden_ability
charmeleon,blaze,ability_1
charmeleon,solar-power,hidden_ability
charizard,blaze,ability_1
charizard,solar-power,hidden_ability
charizard-mega-x,tough-claws,ability_1
charizard-mega-y,drought,ability_1
charizard-gigantamax,blaze,ability_1
charizard-gigantamax,solar-power,hidden_ability
squirtle,rain-dish,hidden_ability
squirtle,torrent,ability_1
wartortle,rain-dish,hidden_ability
wartortle,torrent,ability_1
blastoise,rain-dish,hidden_ability
blastoise,torrent,ability_1
blastoise-mega,mega-launcher,ability_1
caterpie,shield-dust,ability_1
caterpie,run-away,hidden_ability
metapod,shed-skin,ability_1
butterfree,compound-eyes,ability_1
butterfree,tinted-lens,hidden_ability
butterfree-gigantamax,compound-eyes,ability_1
butterfree-gigantamax,tinted-lens,hidden_ability
weedle,shield-dust,ability_1
weedle,run-away,hidden_ability
kakuna,shed-skin,ability_1
beedrill,swarm,ability_1
beedrill,sniper,hidden_ability
beedrill-mega,adaptability,ability_1
pidgey,keen-eye,ability_1
pidgey,tangled-feet,ability_2
pidgey,big-pecks,hidden_ability
pidgeotto,keen-eye,ability_1
pidgeotto,tangled-feet,ability_2
pidgeotto,big-pecks,hidden_ability
pidgeot,keen-eye,ability_1
pidgeot,tangled-feet,ability_2
pidgeot,big-pecks,hidden_ability
pidgeot-mega,no-guard,ability_1
rattata,run-away,ability_1
rattata,hustle,hidden_ability
rattata,guts,ability_2
rattata-alola,thick-fat,hidden_ability
rattata-alola,hustle,ability_2
rattata-alola,gluttony,ability_1
raticate,run-away,ability_1
raticate,hustle,hidden_ability
raticate,guts,ability_2
raticate-alola,thick-fat,hidden_ability
raticate-alola,hustle,ability_2
raticate-alola,gluttony,ability_1
spearow,keen-eye,ability_1
spearow,sniper,hidden_ability
fearow,keen-eye,ability_1
fearow,sniper,hidden_ability
ekans,intimidate,ability_1
ekans,shed-skin,ability_2
ekans,unnerve,hidden_ability
arbok,intimidate,ability_1
arbok,shed-skin,ability_2
arbok,unnerve,hidden_ability
pikachu,static,ability_1
pikachu,lightning-rod,hidden_ability
pikachu-original-cap,static,ability_1
pikachu-original-cap,lightning-rod,hidden_ability
pikachu-hoenn-cap,static,ability_1
pikachu-hoenn-cap,lightning-rod,hidden_ability
pikachu-sinnoh-cap,static,ability_1
pikachu-sinnoh-cap,lightning-rod,hidden_ability
pikachu-unova-cap,static,ability_1
pikachu-unova-cap,lightning-rod,hidden_ability
pikachu-kalos-cap,static,ability_1
pikachu-kalos-cap,lightning-rod,hidden_ability
pikachu-alola-cap,static,ability_1
pikachu-alola-cap,lightning-rod,hidden_ability
pikachu-partner-cap,static,ability_1
pikachu-partner-cap,lightning-rod,hidden_ability
pikachu-gigantamax,static,ability_1
pikachu-gigantamax,lightning-rod,hidden_ability
raichu,static,ability_1
raichu,lightning-rod,hidden_ability
raichu-alola,surge-surfer,ability_1
sandshrew,sand-veil,ability_1
sandshrew,sand-rush,hidden_ability
sandshrew-alola,snow-cloak,ability_1
sandshrew-alola,slush-rush,hidden_ability
sandslash,sand-veil,ability_1
sandslash,sand-rush,hidden_ability
sandslash-alola,snow-cloak,ability_1
sandslash-alola,slush-rush,hidden_ability
nidoran-female,poison-point,ability_1
nidoran-female,hustle,hidden_ability
nidoran-female,rivalry,ability_2
nidorina,poison-point,ability_1
nidorina,hustle,hidden_ability
nidorina,rivalry,ability_2
nidoqueen,poison-point,ability_1
nidoqueen,rivalry,ability_2
nidoqueen,sheer-force,hidden_ability
nidoran-male,poison-point,ability_1
nidoran-male,hustle,hidden_ability
nidoran-male,rivalry,ability_2
nidorino,poison-point,ability_1
nidorino,hustle,hidden_ability
nidorino,rivalry,ability_2
nidoking,poison-point,ability_1
nidoking,rivalry,ability_2
nidoking,sheer-force,hidden_ability
clefairy,cute-charm,ability_1
clefairy,magic-guard,ability_2
clefairy,friend-guard,hidden_ability
clefable,cute-charm,ability_1
clefable,magic-guard,ability_2
clefable,unaware,hidden_ability
vulpix,flash-fire,ability_1
vulpix,drought,hidden_ability
vulpix-alola,snow-cloak,ability_1
vulpix-alola,snow-warning,hidden_ability
ninetales,flash-fire,ability_1
ninetales,drought,hidden_ability
ninetales-alola,snow-cloak,ability_1
ninetales-alola,snow-warning,hidden_ability
jigglypuff,cute-charm,ability_1
jigglypuff,friend-guard,hidden_ability
jigglypuff,competitive,ability_2
wigglytuff,cute-charm,ability_1
wigglytuff,frisk,hidden_ability
wigglytuff,competitive,ability_2
zubat,inner-focus,ability_1
zubat,infiltrator,hidden_ability
golbat,inner-focus,ability_1
golbat,infiltrator,hidden_ability
oddish,chlorophyll,ability_1
oddish,run-away,hidden_ability
gloom,stench,hidden_ability
gloom,chlorophyll,ability_1
vileplume,effect-spore,hidden_ability
vileplume,chlorophyll,ability_1
paras,damp,hidden_ability
paras,effect-spore,ability_1
paras,dry-skin,ability_2
parasect,damp,hidden_ability
parasect,effect-spore,ability_1
parasect,dry-skin,ability_2
venonat,compound-eyes,ability_1
venonat,run-away,hidden_ability
venonat,tinted-lens,ability_2
venomoth,shield-dust,ability_1
venomoth,tinted-lens,ability_2
venomoth,wonder-skin,hidden_ability
diglett,sand-veil,ability_1
diglett,arena-trap,ability_2
diglett,sand-force,hidden_ability
diglett-alola,sand-veil,ability_1
diglett-alola,sand-force,hidden_ability
diglett-alola,tangling-hair,ability_2
dugtrio,sand-veil,ability_1
dugtrio,arena-trap,ability_2
dugtrio,sand-force,hidden_ability
dugtrio-alola,sand-veil,ability_1
dugtrio-alola,sand-force,hidden_ability
dugtrio-alola,tangling-hair,ability_2
meowth,pickup,ability_1
meowth,technician,ability_2
meowth,unnerve,hidden_ability
meowth-alola,pickup,ability_1
meowth-alola,technician,ability_2
meowth-alola,rattled,hidden_ability
meowth-galar,pickup,ability_1
meowth-galar,tough-claws,ability_2
meowth-galar,unnerve,hidden_ability
meowth-gigantamax,pickup,ability_1
meowth-gigantamax,technician,ability_2
meowth-gigantamax,unnerve,hidden_ability
persian,limber,ability_1
persian,technician,ability_2
persian,unnerve,hidden_ability
persian-alola,technician,ability_2
persian-alola,rattled,hidden_ability
persian-alola,fur-coat,ability_1
psyduck,damp,ability_1
psyduck,cloud-nine,ability_2
psyduck,swift-swim,hidden_ability
golduck,damp,ability_1
golduck,cloud-nine,ability_2
golduck,swift-swim,hidden_ability
mankey,vital-spirit,ability_1
mankey,anger-point,ability_2
mankey,defiant,hidden_ability
primeape,vital-spirit,ability_1
primeape,anger-point,ability_2
primeape,defiant,hidden_ability
growlithe,flash-fire,ability_2
growlithe,intimidate,ability_1
growlithe,justified,hidden_ability
arcanine,flash-fire,ability_2
arcanine,intimidate,ability_1
arcanine,justified,hidden_ability
poliwag,damp,ability_2
poliwag,water-absorb,ability_1
poliwag,swift-swim,hidden_ability
poliwhirl,damp,ability_2
poliwhirl,water-absorb,ability_1
poliwhirl,swift-swim,hidden_ability
poliwrath,damp,ability_2
poliwrath,water-absorb,ability_1
poliwrath,swift-swim,hidden_ability
abra,synchronize,ability_1
abra,inner-focus,ability_2
abra,magic-guard,hidden_ability
kadabra,synchronize,ability_1
kadabra,inner-focus,ability_2
kadabra,magic-guard,hidden_ability
alakazam,synchronize,ability_1
alakazam,inner-focus,ability_2
alakazam,magic-guard,hidden_ability
alakazam-mega,trace,ability_1
machop,guts,ability_1
machop,steadfast,hidden_ability
machop,no-guard,ability_2
machoke,guts,ability_1
machoke,steadfast,hidden_ability
machoke,no-guard,ability_2
machamp,guts,ability_1
machamp,steadfast,hidden_ability
machamp,no-guard,ability_2
machamp-gigantamax,guts,ability_1
machamp-gigantamax,steadfast,hidden_ability
machamp-gigantamax,no-guard,ability_2
bellsprout,chlorophyll,ability_1
bellsprout,gluttony,hidden_ability
weepinbell,chlorophyll,ability_1
weepinbell,gluttony,hidden_ability
victreebel,chlorophyll,ability_1
victreebel,gluttony,hidden_ability
tentacool,clear-body,ability_1
tentacool,rain-dish,hidden_ability
tentacool,liquid-ooze,ability_2
tentacruel,clear-body,ability_1
tentacruel,rain-dish,hidden_ability
tentacruel,liquid-ooze,ability_2
geodude,sturdy,ability_2
geodude,sand-veil,hidden_ability
geodude,rock-head,ability_1
geodude-alola,sturdy,ability_2
geodude-alola,magnet-pull,ability_1
geodude-alola,galvanize,hidden_ability
graveler,sturdy,ability_2
graveler,sand-veil,hidden_ability
graveler,rock-head,ability_1
graveler-alola,sturdy,ability_2
graveler-alola,magnet-pull,ability_1
graveler-alola,galvanize,hidden_ability
golem,sturdy,ability_2
golem,sand-veil,hidden_ability
golem,rock-head,ability_1
golem-alola,sturdy,ability_2
golem-alola,magnet-pull,ability_1
golem-alola,galvanize,hidden_ability
ponyta,flash-fire,ability_2
ponyta,flame-body,hidden_ability
ponyta,run-away,ability_1
ponyta-galar,run-away,ability_1
ponyta-galar,pastel-veil,ability_2
ponyta-galar,anticipation,hidden_ability
rapidash,flash-fire,ability_2
rapidash,flame-body,hidden_ability
rapidash,run-away,ability_1
rapidash-galar,run-away,ability_1
rapidash-galar,pastel-veil,ability_2
rapidash-galar,anticipation,hidden_ability
slowpoke,oblivious,ability_1
slowpoke,own-tempo,ability_2
slowpoke,regenerator,hidden_ability
slowpoke-galar,gluttony,ability_1
slowpoke-galar,own-tempo,ability_2
slowpoke-galar,regenerator,hidden_ability
slowbro,oblivious,ability_1
slowbro,own-tempo,ability_2
slowbro,regenerator,hidden_ability
slowbro-mega,shell-armor,ability_1
slowbro-galar,quick-draw,ability_1
slowbro-galar,own-tempo,ability_2
slowbro-galar,regenerator,hidden_ability
magnemite,sturdy,ability_2
magnemite,magnet-pull,ability_1
magnemite,analytic,hidden_ability
magneton,sturdy,ability_2
magneton,magnet-pull,ability_1
magneton,analytic,hidden_ability
farfetchd,inner-focus,ability_2
farfetchd,keen-eye,ability_1
farfetchd,defiant,hidden_ability
farfetchd-galar,steadfast,ability_1
farfetchd-galar,scrappy,hidden_ability
doduo,early-bird,ability_2
doduo,run-away,ability_1
doduo,tangled-feet,hidden_ability
dodrio,early-bird,ability_2
dodrio,run-away,ability_1
dodrio,tangled-feet,hidden_ability
seel,thick-fat,ability_1
seel,hydration,ability_2
seel,ice-body,hidden_ability
dewgong,thick-fat,ability_1
dewgong,hydration,ability_2
dewgong,ice-body,hidden_ability
grimer,stench,ability_1
grimer,sticky-hold,ability_2
grimer,poison-touch,hidden_ability
grimer-alola,gluttony,ability_2
grimer-alola,poison-touch,ability_1
grimer-alola,power-of-alchemy,hidden_ability
muk,stench,ability_1
muk,sticky-hold,ability_2
muk,poison-touch,hidden_ability
muk-alola,gluttony,ability_2
muk-alola,poison-touch,ability_1
muk-alola,power-of-alchemy,hidden_ability
shellder,shell-armor,ability_1
shellder,skill-link,ability_2
shellder,overcoat,hidden_ability
cloyster,shell-armor,ability_1
cloyster,skill-link,ability_2
cloyster,overcoat,hidden_ability
gastly,levitate,ability_1
haunter,levitate,ability_1
gengar,cursed-body,ability_1
gengar-mega,shadow-tag,ability_1
gengar-gigantamax,cursed-body,ability_1
onix,sturdy,ability_2
onix,rock-head,ability_1
onix,weak-armor,hidden_ability
drowzee,insomnia,ability_1
drowzee,inner-focus,hidden_ability
drowzee,forewarn,ability_2
hypno,insomnia,ability_1
hypno,inner-focus,hidden_ability
hypno,forewarn,ability_2
krabby,hyper-cutter,ability_1
krabby,shell-armor,ability_2
krabby,sheer-force,hidden_ability
kingler,hyper-cutter,ability_1
kingler,shell-armor,ability_2
kingler,sheer-force,hidden_ability
kingler-gigantamax,hyper-cutter,ability_1
kingler-gigantamax,shell-armor,ability_2
kingler-gigantamax,sheer-force,hidden_ability
voltorb,static,ability_2
voltorb,soundproof,ability_1
voltorb,aftermath,hidden_ability
electrode,static,ability_2
electrode,soundproof,ability_1
electrode,aftermath,hidden_ability
exeggcute,chlorophyll,ability_1
exeggcute,harvest,hidden_ability
exeggutor,chlorophyll,ability_1
exeggutor,harvest,hidden_ability
exeggutor-alola,frisk,ability_1
exeggutor-alola,harvest,hidden_ability
cubone,battle-armor,hidden_ability
cubone,lightning-rod,ability_2
cubone,rock-head,ability_1
marowak,battle-armor,hidden_ability
marowak,lightning-rod,ability_2
marowak,rock-head,ability_1
marowak-alola,lightning-rod,ability_2
marowak-alola,rock-head,hidden_ability
marowak-alola,cursed-body,ability_1
hitmonlee,limber,ability_1
hitmonlee,unburden,hidden_ability
hitmonlee,reckless,ability_2
hitmonchan,inner-focus,hidden_ability
hitmonchan,keen-eye,ability_1
hitmonchan,iron-fist,ability_2
lickitung,oblivious,ability_2
lickitung,cloud-nine,hidden_ability
lickitung,own-tempo,ability_1
koffing,levitate,ability_1
weezing,levitate,ability_1
weezing-galar,levitate,ability_1
weezing-galar,neutralizing-gas,ability_2
weezing-galar,misty+AD0ALQ-surge,hidden_ability
rhyhorn,lightning-rod,ability_1
rhyhorn,rock-head,ability_2
rhyhorn,reckless,hidden_ability
rhydon,lightning-rod,ability_1
rhydon,rock-head,ability_2
rhydon,reckless,hidden_ability
chansey,natural-cure,ability_1
chansey,serene-grace,ability_2
chansey,healer,hidden_ability
tangela,chlorophyll,ability_1
tangela,leaf-guard,ability_2
tangela,regenerator,hidden_ability
kangaskhan,inner-focus,hidden_ability
kangaskhan,early-bird,ability_1
kangaskhan,scrappy,ability_2
kangaskhan-mega,parental-bond,ability_1
horsea,damp,hidden_ability
horsea,swift-swim,ability_1
horsea,sniper,ability_2
seadra,damp,hidden_ability
seadra,poison-point,ability_1
seadra,sniper,ability_2
goldeen,lightning-rod,hidden_ability
goldeen,swift-swim,ability_1
goldeen,water-veil,ability_2
seaking,lightning-rod,hidden_ability
seaking,swift-swim,ability_1
seaking,water-veil,ability_2
staryu,natural-cure,ability_2
staryu,illuminate,ability_1
staryu,analytic,hidden_ability
starmie,natural-cure,ability_2
starmie,illuminate,ability_1
starmie,analytic,hidden_ability
mr-mime,soundproof,ability_1
mr-mime,technician,hidden_ability
mr-mime,filter,ability_2
mr-mime-galar,vital-spirit,ability_1
mr-mime-galar,screen-cleaner,ability_2
mr-mime-galar,ice-body,hidden_ability
scyther,swarm,ability_1
scyther,steadfast,hidden_ability
scyther,technician,ability_2
jynx,oblivious,ability_1
jynx,dry-skin,hidden_ability
jynx,forewarn,ability_2
electabuzz,static,ability_1
electabuzz,vital-spirit,hidden_ability
magmar,flame-body,ability_1
magmar,vital-spirit,hidden_ability
pinsir,hyper-cutter,ability_1
pinsir,mold-breaker,ability_2
pinsir,moxie,hidden_ability
pinsir-mega,aerilate,ability_1
tauros,intimidate,ability_1
tauros,anger-point,ability_2
tauros,sheer-force,hidden_ability
magikarp,swift-swim,ability_1
magikarp,rattled,hidden_ability
gyarados,intimidate,ability_1
gyarados,moxie,hidden_ability
gyarados-mega,mold-breaker,ability_1
lapras,water-absorb,ability_1
lapras,shell-armor,ability_2
lapras,hydration,hidden_ability
lapras-gigantamax,water-absorb,ability_1
lapras-gigantamax,shell-armor,ability_2
lapras-gigantamax,hydration,hidden_ability
ditto,limber,ability_1
ditto,imposter,hidden_ability
eevee,run-away,ability_1
eevee,adaptability,ability_2
eevee,anticipation,hidden_ability
eevee-gigantamax,run-away,ability_1
eevee-gigantamax,adaptability,ability_2
eevee-gigantamax,anticipation,hidden_ability
vaporeon,water-absorb,ability_1
vaporeon,hydration,hidden_ability
jolteon,volt-absorb,ability_1
jolteon,quick-feet,hidden_ability
flareon,flash-fire,ability_1
flareon,guts,hidden_ability
porygon,trace,ability_1
porygon,download,ability_2
porygon,analytic,hidden_ability
omanyte,swift-swim,ability_1
omanyte,shell-armor,ability_2
omanyte,weak-armor,hidden_ability
omastar,swift-swim,ability_1
omastar,shell-armor,ability_2
omastar,weak-armor,hidden_ability
kabuto,battle-armor,ability_2
kabuto,swift-swim,ability_1
kabuto,weak-armor,hidden_ability
kabutops,battle-armor,ability_2
kabutops,swift-swim,ability_1
kabutops,weak-armor,hidden_ability
aerodactyl,pressure,ability_2
aerodactyl,rock-head,ability_1
aerodactyl,unnerve,hidden_ability
aerodactyl-mega,tough-claws,ability_1
snorlax,immunity,ability_1
snorlax,thick-fat,ability_2
snorlax,gluttony,hidden_ability
snorlax-gigantamax,immunity,ability_1
snorlax-gigantamax,thick-fat,ability_2
snorlax-gigantamax,gluttony,hidden_ability
articuno,pressure,ability_1
articuno,snow-cloak,hidden_ability
articuno-galar,competitive,ability_1
zapdos,static,hidden_ability
zapdos,pressure,ability_1
zapdos-galar,defiant,ability_1
moltres,pressure,ability_1
moltres,flame-body,hidden_ability
moltres-galar,berserk,ability_1
dratini,shed-skin,ability_1
dratini,marvel-scale,hidden_ability
dragonair,shed-skin,ability_1
dragonair,marvel-scale,hidden_ability
dragonite,inner-focus,ability_1
dragonite,multiscale,hidden_ability
mewtwo,pressure,ability_1
mewtwo,unnerve,hidden_ability
mewtwo-mega-x,steadfast,ability_1
mewtwo-mega-y,insomnia,ability_1
mew,synchronize,ability_1
chikorita,overgrow,ability_1
chikorita,leaf-guard,hidden_ability
bayleef,overgrow,ability_1
bayleef,leaf-guard,hidden_ability
meganium,overgrow,ability_1
meganium,leaf-guard,hidden_ability
cyndaquil,flash-fire,hidden_ability
cyndaquil,blaze,ability_1
quilava,flash-fire,hidden_ability
quilava,blaze,ability_1
typhlosion,flash-fire,hidden_ability
typhlosion,blaze,ability_1
totodile,torrent,ability_1
totodile,sheer-force,hidden_ability
croconaw,torrent,ability_1
croconaw,sheer-force,hidden_ability
feraligatr,torrent,ability_1
feraligatr,sheer-force,hidden_ability
sentret,run-away,ability_1
sentret,keen-eye,ability_2
sentret,frisk,hidden_ability
furret,run-away,ability_1
furret,keen-eye,ability_2
furret,frisk,hidden_ability
hoothoot,insomnia,ability_1
hoothoot,keen-eye,ability_2
hoothoot,tinted-lens,hidden_ability
noctowl,insomnia,ability_1
noctowl,keen-eye,ability_2
noctowl,tinted-lens,hidden_ability
ledyba,early-bird,ability_2
ledyba,swarm,ability_1
ledyba,rattled,hidden_ability
ledian,early-bird,ability_2
ledian,swarm,ability_1
ledian,iron-fist,hidden_ability
spinarak,insomnia,ability_2
spinarak,swarm,ability_1
spinarak,sniper,hidden_ability
ariados,insomnia,ability_2
ariados,swarm,ability_1
ariados,sniper,hidden_ability
crobat,inner-focus,ability_1
crobat,infiltrator,hidden_ability
chinchou,volt-absorb,ability_1
chinchou,water-absorb,hidden_ability
chinchou,illuminate,ability_2
lanturn,volt-absorb,ability_1
lanturn,water-absorb,hidden_ability
lanturn,illuminate,ability_2
pichu,static,ability_1
pichu,lightning-rod,hidden_ability
cleffa,cute-charm,ability_1
cleffa,magic-guard,ability_2
cleffa,friend-guard,hidden_ability
igglybuff,cute-charm,ability_1
igglybuff,friend-guard,hidden_ability
igglybuff,competitive,ability_2
togepi,serene-grace,ability_2
togepi,hustle,ability_1
togepi,super-luck,hidden_ability
togetic,serene-grace,ability_2
togetic,hustle,ability_1
togetic,super-luck,hidden_ability
natu,synchronize,ability_1
natu,early-bird,ability_2
natu,magic-bounce,hidden_ability
xatu,synchronize,ability_1
xatu,early-bird,ability_2
xatu,magic-bounce,hidden_ability
mareep,static,ability_1
mareep,plus,hidden_ability
flaaffy,static,ability_1
flaaffy,plus,hidden_ability
ampharos,static,ability_1
ampharos,plus,hidden_ability
ampharos-mega,mold-breaker,ability_1
bellossom,chlorophyll,ability_1
bellossom,healer,hidden_ability
marill,huge-power,ability_2
marill,thick-fat,ability_1
marill,sap-sipper,hidden_ability
azumarill,huge-power,ability_2
azumarill,thick-fat,ability_1
azumarill,sap-sipper,hidden_ability
sudowoodo,sturdy,ability_1
sudowoodo,rock-head,ability_2
sudowoodo,rattled,hidden_ability
politoed,drizzle,hidden_ability
politoed,damp,ability_2
politoed,water-absorb,ability_1
hoppip,chlorophyll,ability_1
hoppip,leaf-guard,ability_2
hoppip,infiltrator,hidden_ability
skiploom,chlorophyll,ability_1
skiploom,leaf-guard,ability_2
skiploom,infiltrator,hidden_ability
jumpluff,chlorophyll,ability_1
jumpluff,leaf-guard,ability_2
jumpluff,infiltrator,hidden_ability
aipom,run-away,ability_1
aipom,pickup,ability_2
aipom,skill-link,hidden_ability
sunkern,chlorophyll,ability_1
sunkern,early-bird,hidden_ability
sunkern,solar-power,ability_2
sunflora,chlorophyll,ability_1
sunflora,early-bird,hidden_ability
sunflora,solar-power,ability_2
yanma,speed-boost,ability_1
yanma,compound-eyes,ability_2
yanma,frisk,hidden_ability
wooper,damp,ability_1
wooper,water-absorb,ability_2
wooper,unaware,hidden_ability
quagsire,damp,ability_1
quagsire,water-absorb,ability_2
quagsire,unaware,hidden_ability
espeon,synchronize,ability_1
espeon,magic-bounce,hidden_ability
umbreon,synchronize,ability_1
umbreon,inner-focus,hidden_ability
murkrow,insomnia,ability_1
murkrow,super-luck,ability_2
murkrow,prankster,hidden_ability
slowking,oblivious,ability_1
slowking,own-tempo,ability_2
slowking,regenerator,hidden_ability
slowking-galar,curious-medicine,ability_1
slowking-galar,own-tempo,ability_2
slowking-galar,regenerator,hidden_ability
misdreavus,levitate,ability_1
unown-a,levitate,ability_1
unown-b,levitate,ability_1
unown-c,levitate,ability_1
unown-d,levitate,ability_1
unown-e,levitate,ability_1
unown-f,levitate,ability_1
unown-g,levitate,ability_1
unown-h,levitate,ability_1
unown-i,levitate,ability_1
unown-j,levitate,ability_1
unown-k,levitate,ability_1
unown-l,levitate,ability_1
unown-m,levitate,ability_1
unown-n,levitate,ability_1
unown-o,levitate,ability_1
unown-p,levitate,ability_1
unown-q,levitate,ability_1
unown-r,levitate,ability_1
unown-s,levitate,ability_1
unown-t,levitate,ability_1
unown-u,levitate,ability_1
unown-v,levitate,ability_1
unown-w,levitate,ability_1
unown-x,levitate,ability_1
unown-y,levitate,ability_1
unown-z,levitate,ability_1
unown-exclamation,levitate,ability_1
unown-question,levitate,ability_1
wobbuffet,shadow-tag,ability_1
wobbuffet,telepathy,hidden_ability
girafarig,inner-focus,ability_1
girafarig,early-bird,ability_2
girafarig,sap-sipper,hidden_ability
pineco,sturdy,ability_1
pineco,overcoat,hidden_ability
forretress,sturdy,ability_1
forretress,overcoat,hidden_ability
dunsparce,serene-grace,ability_1
dunsparce,run-away,ability_2
dunsparce,rattled,hidden_ability
gligar,sand-veil,ability_2
gligar,immunity,hidden_ability
gligar,hyper-cutter,ability_1
steelix,sturdy,ability_2
steelix,rock-head,ability_1
steelix,sheer-force,hidden_ability
steelix-mega,sand-force,ability_1
snubbull,intimidate,ability_1
snubbull,run-away,ability_2
snubbull,rattled,hidden_ability
granbull,intimidate,ability_1
granbull,quick-feet,ability_2
granbull,rattled,hidden_ability
qwilfish,intimidate,hidden_ability
qwilfish,swift-swim,ability_2
qwilfish,poison-point,ability_1
scizor,swarm,ability_1
scizor,technician,ability_2
scizor,light-metal,hidden_ability
scizor-mega,technician,ability_1
shuckle,sturdy,ability_1
shuckle,gluttony,ability_2
shuckle,contrary,hidden_ability
heracross,guts,ability_2
heracross,swarm,ability_1
heracross,moxie,hidden_ability
heracross-mega,skill-link,ability_1
sneasel,inner-focus,ability_1
sneasel,keen-eye,ability_2
sneasel,pickpocket,hidden_ability
teddiursa,pickup,ability_1
teddiursa,quick-feet,ability_2
teddiursa,honey-gather,hidden_ability
ursaring,guts,ability_1
ursaring,quick-feet,ability_2
ursaring,unnerve,hidden_ability
slugma,magma-armor,ability_1
slugma,flame-body,ability_2
slugma,weak-armor,hidden_ability
magcargo,magma-armor,ability_1
magcargo,flame-body,ability_2
magcargo,weak-armor,hidden_ability
swinub,oblivious,ability_1
swinub,thick-fat,hidden_ability
swinub,snow-cloak,ability_2
piloswine,oblivious,ability_1
piloswine,thick-fat,hidden_ability
piloswine,snow-cloak,ability_2
corsola,natural-cure,ability_2
corsola,hustle,ability_1
corsola,regenerator,hidden_ability
corsola-galar,weak-armor,ability_1
corsola-galar,cursed-body,hidden_ability
remoraid,hustle,ability_1
remoraid,sniper,ability_2
remoraid,moody,hidden_ability
octillery,suction-cups,ability_1
octillery,sniper,ability_2
octillery,moody,hidden_ability
delibird,insomnia,hidden_ability
delibird,hustle,ability_2
delibird,vital-spirit,ability_1
mantine,water-absorb,ability_2
mantine,swift-swim,ability_1
mantine,water-veil,hidden_ability
skarmory,sturdy,ability_2
skarmory,keen-eye,ability_1
skarmory,weak-armor,hidden_ability
houndour,flash-fire,ability_2
houndour,early-bird,ability_1
houndour,unnerve,hidden_ability
houndoom,flash-fire,ability_2
houndoom,early-bird,ability_1
houndoom,unnerve,hidden_ability
houndoom-mega,solar-power,ability_1
kingdra,damp,hidden_ability
kingdra,swift-swim,ability_1
kingdra,sniper,ability_2
phanpy,sand-veil,hidden_ability
phanpy,pickup,ability_1
donphan,sturdy,ability_1
donphan,sand-veil,hidden_ability
porygon2,trace,ability_1
porygon2,download,ability_2
porygon2,analytic,hidden_ability
stantler,intimidate,ability_1
stantler,frisk,ability_2
stantler,sap-sipper,hidden_ability
smeargle,own-tempo,ability_1
smeargle,technician,ability_2
smeargle,moody,hidden_ability
tyrogue,guts,ability_1
tyrogue,vital-spirit,hidden_ability
tyrogue,steadfast,ability_2
hitmontop,intimidate,ability_1
hitmontop,steadfast,hidden_ability
hitmontop,technician,ability_2
smoochum,oblivious,ability_1
smoochum,hydration,hidden_ability
smoochum,forewarn,ability_2
elekid,static,ability_1
elekid,vital-spirit,hidden_ability
magby,flame-body,ability_1
magby,vital-spirit,hidden_ability
miltank,thick-fat,ability_1
miltank,scrappy,ability_2
miltank,sap-sipper,hidden_ability
blissey,natural-cure,ability_1
blissey,serene-grace,ability_2
blissey,healer,hidden_ability
raikou,inner-focus,hidden_ability
raikou,pressure,ability_1
entei,inner-focus,hidden_ability
entei,pressure,ability_1
suicune,inner-focus,hidden_ability
suicune,pressure,ability_1
larvitar,sand-veil,hidden_ability
larvitar,guts,ability_1
pupitar,shed-skin,ability_1
tyranitar,sand-stream,ability_1
tyranitar,unnerve,hidden_ability
tyranitar-mega,sand-stream,ability_1
lugia,pressure,ability_1
lugia,multiscale,hidden_ability
ho-oh,pressure,ability_1
ho-oh,regenerator,hidden_ability
celebi,natural-cure,ability_1
treecko,overgrow,ability_1
treecko,unburden,hidden_ability
grovyle,overgrow,ability_1
grovyle,unburden,hidden_ability
sceptile,overgrow,ability_1
sceptile,unburden,hidden_ability
sceptile-mega,lightning-rod,ability_1
torchic,speed-boost,hidden_ability
torchic,blaze,ability_1
combusken,speed-boost,hidden_ability
combusken,blaze,ability_1
blaziken,speed-boost,hidden_ability
blaziken,blaze,ability_1
blaziken-mega,speed-boost,ability_1
mudkip,damp,hidden_ability
mudkip,torrent,ability_1
marshtomp,damp,hidden_ability
marshtomp,torrent,ability_1
swampert,damp,hidden_ability
swampert,torrent,ability_1
swampert-mega,swift-swim,ability_1
poochyena,run-away,ability_1
poochyena,quick-feet,ability_2
poochyena,rattled,hidden_ability
mightyena,intimidate,ability_1
mightyena,quick-feet,ability_2
mightyena,moxie,hidden_ability
zigzagoon,pickup,ability_1
zigzagoon,gluttony,ability_2
zigzagoon,quick-feet,hidden_ability
zigzagoon-galar,pickup,ability_1
zigzagoon-galar,gluttony,ability_2
zigzagoon-galar,quick-feet,hidden_ability
linoone,pickup,ability_1
linoone,gluttony,ability_2
linoone,quick-feet,hidden_ability
linoone-galar,pickup,ability_1
linoone-galar,gluttony,ability_2
linoone-galar,quick-feet,hidden_ability
wurmple,shield-dust,ability_1
wurmple,run-away,hidden_ability
silcoon,shed-skin,ability_1
beautifly,swarm,ability_1
beautifly,rivalry,hidden_ability
cascoon,shed-skin,ability_1
dustox,compound-eyes,hidden_ability
dustox,shield-dust,ability_1
lotad,own-tempo,hidden_ability
lotad,swift-swim,ability_1
lotad,rain-dish,ability_2
lombre,own-tempo,hidden_ability
lombre,swift-swim,ability_1
lombre,rain-dish,ability_2
ludicolo,own-tempo,hidden_ability
ludicolo,swift-swim,ability_1
ludicolo,rain-dish,ability_2
seedot,chlorophyll,ability_1
seedot,early-bird,ability_2
seedot,pickpocket,hidden_ability
nuzleaf,chlorophyll,ability_1
nuzleaf,early-bird,ability_2
nuzleaf,pickpocket,hidden_ability
shiftry,chlorophyll,ability_1
shiftry,early-bird,ability_2
shiftry,pickpocket,hidden_ability
taillow,guts,ability_1
taillow,scrappy,hidden_ability
swellow,guts,ability_1
swellow,scrappy,hidden_ability
wingull,rain-dish,hidden_ability
wingull,keen-eye,ability_1
wingull,hydration,ability_2
pelipper,drizzle,ability_2
pelipper,rain-dish,hidden_ability
pelipper,keen-eye,ability_1
ralts,synchronize,ability_1
ralts,trace,ability_2
ralts,telepathy,hidden_ability
kirlia,synchronize,ability_1
kirlia,trace,ability_2
kirlia,telepathy,hidden_ability
gardevoir,synchronize,ability_1
gardevoir,trace,ability_2
gardevoir,telepathy,hidden_ability
gardevoir-mega,pixilate,ability_1
surskit,swift-swim,ability_1
surskit,rain-dish,hidden_ability
masquerain,intimidate,ability_1
masquerain,unnerve,hidden_ability
shroomish,effect-spore,ability_1
shroomish,poison-heal,ability_2
shroomish,quick-feet,hidden_ability
breloom,effect-spore,ability_1
breloom,poison-heal,ability_2
breloom,technician,hidden_ability
slakoth,truant,ability_1
vigoroth,vital-spirit,ability_1
slaking,truant,ability_1
nincada,compound-eyes,ability_1
nincada,run-away,hidden_ability
ninjask,speed-boost,ability_1
ninjask,infiltrator,hidden_ability
shedinja,wonder-guard,ability_1
whismur,soundproof,ability_1
whismur,rattled,hidden_ability
loudred,soundproof,ability_1
loudred,scrappy,hidden_ability
exploud,soundproof,ability_1
exploud,scrappy,hidden_ability
makuhita,thick-fat,ability_1
makuhita,guts,ability_2
makuhita,sheer-force,hidden_ability
hariyama,thick-fat,ability_1
hariyama,guts,ability_2
hariyama,sheer-force,hidden_ability
azurill,huge-power,ability_2
azurill,thick-fat,ability_1
azurill,sap-sipper,hidden_ability
nosepass,sturdy,ability_1
nosepass,magnet-pull,ability_2
nosepass,sand-force,hidden_ability
skitty,cute-charm,ability_1
skitty,normalize,ability_2
skitty,wonder-skin,hidden_ability
delcatty,cute-charm,ability_1
delcatty,normalize,ability_2
delcatty,wonder-skin,hidden_ability
sableye,keen-eye,ability_1
sableye,stall,ability_2
sableye,prankster,hidden_ability
sableye-mega,magic-bounce,ability_1
mawile,intimidate,ability_2
mawile,hyper-cutter,ability_1
mawile,sheer-force,hidden_ability
mawile-mega,huge-power,ability_1
aron,sturdy,ability_1
aron,rock-head,ability_2
aron,heavy-metal,hidden_ability
lairon,sturdy,ability_1
lairon,rock-head,ability_2
lairon,heavy-metal,hidden_ability
aggron,sturdy,ability_1
aggron,rock-head,ability_2
aggron,heavy-metal,hidden_ability
aggron-mega,filter,ability_1
meditite,pure-power,ability_1
meditite,telepathy,hidden_ability
medicham,pure-power,ability_1
medicham,telepathy,hidden_ability
medicham-mega,pure-power,ability_1
electrike,static,ability_1
electrike,lightning-rod,ability_2
electrike,minus,hidden_ability
manectric,static,ability_1
manectric,lightning-rod,ability_2
manectric,minus,hidden_ability
manectric-mega,intimidate,ability_1
plusle,lightning-rod,hidden_ability
plusle,plus,ability_1
minun,volt-absorb,hidden_ability
minun,minus,ability_1
volbeat,illuminate,ability_1
volbeat,swarm,ability_2
volbeat,prankster,hidden_ability
illumise,oblivious,ability_1
illumise,tinted-lens,ability_2
illumise,prankster,hidden_ability
roselia,natural-cure,ability_1
roselia,poison-point,ability_2
roselia,leaf-guard,hidden_ability
gulpin,sticky-hold,ability_2
gulpin,liquid-ooze,ability_1
gulpin,gluttony,hidden_ability
swalot,sticky-hold,ability_2
swalot,liquid-ooze,ability_1
swalot,gluttony,hidden_ability
carvanha,speed-boost,hidden_ability
carvanha,rough-skin,ability_1
sharpedo,speed-boost,hidden_ability
sharpedo,rough-skin,ability_1
sharpedo-mega,strong-jaw,ability_1
wailmer,oblivious,ability_2
wailmer,water-veil,ability_1
wailmer,pressure,hidden_ability
wailord,oblivious,ability_2
wailord,water-veil,ability_1
wailord,pressure,hidden_ability
numel,oblivious,ability_1
numel,own-tempo,hidden_ability
numel,simple,ability_2
camerupt,magma-armor,ability_1
camerupt,anger-point,hidden_ability
camerupt,solid-rock,ability_2
camerupt-mega,sheer-force,ability_1
torkoal,drought,ability_2
torkoal,white-smoke,ability_1
torkoal,shell-armor,hidden_ability
spoink,own-tempo,ability_2
spoink,thick-fat,ability_1
spoink,gluttony,hidden_ability
grumpig,own-tempo,ability_2
grumpig,thick-fat,ability_1
grumpig,gluttony,hidden_ability
spinda,own-tempo,ability_1
spinda,tangled-feet,ability_2
spinda,contrary,hidden_ability
trapinch,hyper-cutter,ability_1
trapinch,arena-trap,ability_2
trapinch,sheer-force,hidden_ability
vibrava,levitate,ability_1
flygon,levitate,ability_1
cacnea,sand-veil,ability_1
cacnea,water-absorb,hidden_ability
cacturne,sand-veil,ability_1
cacturne,water-absorb,hidden_ability
swablu,cloud-nine,hidden_ability
swablu,natural-cure,ability_1
altaria,cloud-nine,hidden_ability
altaria,natural-cure,ability_1
altaria-mega,pixilate,ability_1
zangoose,immunity,ability_1
zangoose,toxic-boost,hidden_ability
seviper,shed-skin,ability_1
seviper,infiltrator,hidden_ability
lunatone,levitate,ability_1
solrock,levitate,ability_1
barboach,oblivious,ability_1
barboach,hydration,hidden_ability
barboach,anticipation,ability_2
whiscash,oblivious,ability_1
whiscash,hydration,hidden_ability
whiscash,anticipation,ability_2
corphish,hyper-cutter,ability_1
corphish,shell-armor,ability_2
corphish,adaptability,hidden_ability
crawdaunt,hyper-cutter,ability_1
crawdaunt,shell-armor,ability_2
crawdaunt,adaptability,hidden_ability
baltoy,levitate,ability_1
claydol,levitate,ability_1
lileep,suction-cups,ability_1
lileep,storm-drain,hidden_ability
cradily,suction-cups,ability_1
cradily,storm-drain,hidden_ability
anorith,battle-armor,ability_1
anorith,swift-swim,hidden_ability
armaldo,battle-armor,ability_1
armaldo,swift-swim,hidden_ability
feebas,oblivious,ability_2
feebas,swift-swim,ability_1
feebas,adaptability,hidden_ability
milotic,cute-charm,hidden_ability
milotic,marvel-scale,ability_1
milotic,competitive,ability_2
castform,forecast,ability_1
castform-sunny,forecast,ability_1
castform-rainy,forecast,ability_1
castform-snowy,forecast,ability_1
kecleon,color-change,ability_1
kecleon,protean,hidden_ability
shuppet,insomnia,ability_1
shuppet,frisk,ability_2
shuppet,cursed-body,hidden_ability
banette,insomnia,ability_1
banette,frisk,ability_2
banette,cursed-body,hidden_ability
banette-mega,prankster,ability_1
duskull,levitate,ability_1
duskull,frisk,hidden_ability
dusclops,pressure,ability_1
dusclops,frisk,hidden_ability
tropius,chlorophyll,ability_1
tropius,solar-power,ability_2
tropius,harvest,hidden_ability
chimecho,levitate,ability_1
absol,pressure,ability_1
absol,super-luck,ability_2
absol,justified,hidden_ability
absol-mega,magic-bounce,ability_1
wynaut,shadow-tag,ability_1
wynaut,telepathy,hidden_ability
snorunt,inner-focus,ability_1
snorunt,ice-body,ability_2
snorunt,moody,hidden_ability
glalie,inner-focus,ability_1
glalie,ice-body,ability_2
glalie,moody,hidden_ability
glalie-mega,refrigerate,ability_1
spheal,oblivious,hidden_ability
spheal,thick-fat,ability_1
spheal,ice-body,ability_2
sealeo,oblivious,hidden_ability
sealeo,thick-fat,ability_1
sealeo,ice-body,ability_2
walrein,oblivious,hidden_ability
walrein,thick-fat,ability_1
walrein,ice-body,ability_2
clamperl,shell-armor,ability_1
clamperl,rattled,hidden_ability
huntail,swift-swim,ability_1
huntail,water-veil,hidden_ability
gorebyss,swift-swim,ability_1
gorebyss,hydration,hidden_ability
relicanth,sturdy,hidden_ability
relicanth,swift-swim,ability_1
relicanth,rock-head,ability_2
luvdisc,swift-swim,ability_1
luvdisc,hydration,hidden_ability
bagon,rock-head,ability_1
bagon,sheer-force,hidden_ability
shelgon,rock-head,ability_1
shelgon,overcoat,hidden_ability
salamence,intimidate,ability_1
salamence,moxie,hidden_ability
salamence-mega,aerilate,ability_1
beldum,clear-body,ability_1
beldum,light-metal,hidden_ability
metang,clear-body,ability_1
metang,light-metal,hidden_ability
metagross,clear-body,ability_1
metagross,light-metal,hidden_ability
metagross-mega,tough-claws,ability_1
regirock,sturdy,hidden_ability
regirock,clear-body,ability_1
regice,clear-body,ability_1
regice,ice-body,hidden_ability
registeel,clear-body,ability_1
registeel,light-metal,hidden_ability
latias,levitate,ability_1
latias-mega,levitate,ability_1
latios,levitate,ability_1
latios-mega,levitate,ability_1
kyogre,drizzle,ability_1
kyogre-primal,primordial-sea,ability_1
groudon,drought,ability_1
groudon-primal,desolate-land,ability_1
rayquaza,air-lock,ability_1
rayquaza-mega,delta-stream,ability_1
jirachi,serene-grace,ability_1
deoxys,pressure,ability_1
deoxys-attack,pressure,ability_1
deoxys-defense,pressure,ability_1
deoxys-speed,pressure,ability_1
turtwig,overgrow,ability_1
turtwig,shell-armor,hidden_ability
grotle,overgrow,ability_1
grotle,shell-armor,hidden_ability
torterra,overgrow,ability_1
torterra,shell-armor,hidden_ability
chimchar,blaze,ability_1
chimchar,iron-fist,hidden_ability
monferno,blaze,ability_1
monferno,iron-fist,hidden_ability
infernape,blaze,ability_1
infernape,iron-fist,hidden_ability
piplup,torrent,ability_1
piplup,defiant,hidden_ability
prinplup,torrent,ability_1
prinplup,defiant,hidden_ability
empoleon,torrent,ability_1
empoleon,defiant,hidden_ability
starly,keen-eye,ability_1
starly,reckless,hidden_ability
staravia,intimidate,ability_1
staravia,reckless,hidden_ability
staraptor,intimidate,ability_1
staraptor,reckless,hidden_ability
bidoof,simple,ability_1
bidoof,unaware,ability_2
bidoof,moody,hidden_ability
bibarel,simple,ability_1
bibarel,unaware,ability_2
bibarel,moody,hidden_ability
kricketot,run-away,hidden_ability
kricketot,shed-skin,ability_1
kricketune,swarm,ability_1
kricketune,technician,hidden_ability
shinx,intimidate,ability_2
shinx,guts,hidden_ability
shinx,rivalry,ability_1
luxio,intimidate,ability_2
luxio,guts,hidden_ability
luxio,rivalry,ability_1
luxray,intimidate,ability_2
luxray,guts,hidden_ability
luxray,rivalry,ability_1
budew,natural-cure,ability_1
budew,poison-point,ability_2
budew,leaf-guard,hidden_ability
roserade,natural-cure,ability_1
roserade,poison-point,ability_2
roserade,technician,hidden_ability
cranidos,mold-breaker,ability_1
cranidos,sheer-force,hidden_ability
rampardos,mold-breaker,ability_1
rampardos,sheer-force,hidden_ability
shieldon,sturdy,ability_1
shieldon,soundproof,hidden_ability
bastiodon,sturdy,ability_1
bastiodon,soundproof,hidden_ability
burmy-plant,shed-skin,ability_1
burmy-plant,overcoat,hidden_ability
burmy-sandy,shed-skin,ability_1
burmy-sandy,overcoat,hidden_ability
burmy-trash,shed-skin,ability_1
burmy-trash,overcoat,hidden_ability
wormadam-plant,anticipation,ability_1
wormadam-plant,overcoat,hidden_ability
wormadam-sandy,anticipation,ability_1
wormadam-sandy,overcoat,hidden_ability
wormadam-trash,anticipation,ability_1
wormadam-trash,overcoat,hidden_ability
mothim,swarm,ability_1
mothim,tinted-lens,hidden_ability
combee,hustle,hidden_ability
combee,honey-gather,ability_1
vespiquen,pressure,ability_1
vespiquen,unnerve,hidden_ability
pachirisu,volt-absorb,hidden_ability
pachirisu,run-away,ability_1
pachirisu,pickup,ability_2
buizel,swift-swim,ability_1
buizel,water-veil,hidden_ability
floatzel,swift-swim,ability_1
floatzel,water-veil,hidden_ability
cherubi,chlorophyll,ability_1
cherrim,flower-gift,ability_1
cherrim-sunshine,flower-gift,ability_1
shellos-west,sticky-hold,ability_1
shellos-west,storm-drain,ability_2
shellos-west,sand-force,hidden_ability
shellos-east,sticky-hold,ability_1
shellos-east,storm-drain,ability_2
shellos-east,sand-force,hidden_ability
gastrodon-west,sticky-hold,ability_1
gastrodon-west,storm-drain,ability_2
gastrodon-west,sand-force,hidden_ability
gastrodon-east,sticky-hold,ability_1
gastrodon-east,storm-drain,ability_2
gastrodon-east,sand-force,hidden_ability
ambipom,pickup,ability_2
ambipom,skill-link,hidden_ability
ambipom,technician,ability_1
drifloon,unburden,ability_2
drifloon,aftermath,ability_1
drifloon,flare-boost,hidden_ability
drifblim,unburden,ability_2
drifblim,aftermath,ability_1
drifblim,flare-boost,hidden_ability
buneary,limber,hidden_ability
buneary,run-away,ability_1
buneary,klutz,ability_2
lopunny,limber,hidden_ability
lopunny,cute-charm,ability_1
lopunny,klutz,ability_2
lopunny-mega,scrappy,ability_1
mismagius,levitate,ability_1
honchkrow,insomnia,ability_1
honchkrow,super-luck,ability_2
honchkrow,moxie,hidden_ability
glameow,limber,ability_1
glameow,own-tempo,ability_2
glameow,keen-eye,hidden_ability
purugly,own-tempo,ability_2
purugly,thick-fat,ability_1
purugly,defiant,hidden_ability
chingling,levitate,ability_1
stunky,stench,ability_1
stunky,keen-eye,hidden_ability
stunky,aftermath,ability_2
skuntank,stench,ability_1
skuntank,keen-eye,hidden_ability
skuntank,aftermath,ability_2
bronzor,levitate,ability_1
bronzor,heatproof,ability_2
bronzor,heavy-metal,hidden_ability
bronzong,levitate,ability_1
bronzong,heatproof,ability_2
bronzong,heavy-metal,hidden_ability
bonsly,sturdy,ability_1
bonsly,rock-head,ability_2
bonsly,rattled,hidden_ability
mime-jr,soundproof,ability_1
mime-jr,technician,hidden_ability
mime-jr,filter,ability_2
happiny,natural-cure,ability_1
happiny,serene-grace,ability_2
happiny,friend-guard,hidden_ability
chatot,keen-eye,ability_1
chatot,tangled-feet,ability_2
chatot,big-pecks,hidden_ability
spiritomb,pressure,ability_1
spiritomb,infiltrator,hidden_ability
gible,sand-veil,ability_1
gible,rough-skin,hidden_ability
gabite,sand-veil,ability_1
gabite,rough-skin,hidden_ability
garchomp,sand-veil,ability_1
garchomp,rough-skin,hidden_ability
garchomp-mega,sand-force,ability_1
munchlax,thick-fat,ability_2
munchlax,pickup,ability_1
munchlax,gluttony,hidden_ability
riolu,inner-focus,ability_2
riolu,steadfast,ability_1
riolu,prankster,hidden_ability
lucario,inner-focus,ability_2
lucario,steadfast,ability_1
lucario,justified,hidden_ability
lucario-mega,adaptability,ability_1
hippopotas,sand-stream,ability_1
hippopotas,sand-force,hidden_ability
hippowdon,sand-stream,ability_1
hippowdon,sand-force,hidden_ability
skorupi,battle-armor,ability_1
skorupi,keen-eye,hidden_ability
skorupi,sniper,ability_2
drapion,battle-armor,ability_1
drapion,keen-eye,hidden_ability
drapion,sniper,ability_2
croagunk,dry-skin,ability_2
croagunk,anticipation,ability_1
croagunk,poison-touch,hidden_ability
toxicroak,dry-skin,ability_2
toxicroak,anticipation,ability_1
toxicroak,poison-touch,hidden_ability
carnivine,levitate,ability_1
finneon,swift-swim,ability_1
finneon,water-veil,hidden_ability
finneon,storm-drain,ability_2
lumineon,swift-swim,ability_1
lumineon,water-veil,hidden_ability
lumineon,storm-drain,ability_2
mantyke,water-absorb,ability_2
mantyke,swift-swim,ability_1
mantyke,water-veil,hidden_ability
snover,soundproof,hidden_ability
snover,snow-warning,ability_1
abomasnow,soundproof,hidden_ability
abomasnow,snow-warning,ability_1
abomasnow-mega,snow-warning,ability_1
weavile,pressure,ability_1
weavile,pickpocket,hidden_ability
magnezone,sturdy,ability_2
magnezone,magnet-pull,ability_1
magnezone,analytic,hidden_ability
lickilicky,oblivious,ability_2
lickilicky,cloud-nine,hidden_ability
lickilicky,own-tempo,ability_1
rhyperior,lightning-rod,ability_1
rhyperior,solid-rock,ability_2
rhyperior,reckless,hidden_ability
tangrowth,chlorophyll,ability_1
tangrowth,leaf-guard,ability_2
tangrowth,regenerator,hidden_ability
electivire,vital-spirit,hidden_ability
electivire,motor-drive,ability_1
magmortar,flame-body,ability_1
magmortar,vital-spirit,hidden_ability
togekiss,serene-grace,ability_2
togekiss,hustle,ability_1
togekiss,super-luck,hidden_ability
yanmega,speed-boost,ability_1
yanmega,tinted-lens,ability_2
yanmega,frisk,hidden_ability
leafeon,chlorophyll,hidden_ability
leafeon,leaf-guard,ability_1
glaceon,snow-cloak,ability_1
glaceon,ice-body,hidden_ability
gliscor,sand-veil,ability_2
gliscor,hyper-cutter,ability_1
gliscor,poison-heal,hidden_ability
mamoswine,oblivious,ability_1
mamoswine,thick-fat,hidden_ability
mamoswine,snow-cloak,ability_2
porygon-z,download,ability_2
porygon-z,adaptability,ability_1
porygon-z,analytic,hidden_ability
gallade,steadfast,ability_1
gallade,justified,hidden_ability
gallade-mega,inner-focus,ability_1
probopass,sturdy,ability_1
probopass,magnet-pull,ability_2
probopass,sand-force,hidden_ability
dusknoir,pressure,ability_1
dusknoir,frisk,hidden_ability
froslass,snow-cloak,ability_1
froslass,cursed-body,hidden_ability
rotom,levitate,ability_1
rotom-heat,levitate,ability_1
rotom-wash,levitate,ability_1
rotom-frost,levitate,ability_1
rotom-fan,levitate,ability_1
rotom-mow,levitate,ability_1
uxie,levitate,ability_1
mesprit,levitate,ability_1
azelf,levitate,ability_1
dialga,pressure,ability_1
dialga,telepathy,hidden_ability
palkia,pressure,ability_1
palkia,telepathy,hidden_ability
heatran,flash-fire,ability_1
heatran,flame-body,hidden_ability
regigigas,slow-start,ability_1
giratina,pressure,ability_1
giratina,telepathy,hidden_ability
giratina-origin,levitate,ability_1
cresselia,levitate,ability_1
phione,hydration,ability_1
manaphy,hydration,ability_1
darkrai,bad-dreams,ability_1
shaymin,natural-cure,ability_1
shaymin-sky,serene-grace,ability_1
arceus,multitype,ability_1
arceus-fire,multitype,ability_1
arceus-water,multitype,ability_1
arceus-grass,multitype,ability_1
arceus-electric,multitype,ability_1
arceus-ice,multitype,ability_1
arceus-fighting,multitype,ability_1
arceus-poison,multitype,ability_1
arceus-ground,multitype,ability_1
arceus-flying,multitype,ability_1
arceus-psychic,multitype,ability_1
arceus-bug,multitype,ability_1
arceus-rock,multitype,ability_1
arceus-ghost,multitype,ability_1
arceus-dragon,multitype,ability_1
arceus-dark,multitype,ability_1
arceus-steel,multitype,ability_1
arceus-fairy,multitype,ability_1
victini,victory-star,ability_1
snivy,overgrow,ability_1
snivy,contrary,hidden_ability
servine,overgrow,ability_1
servine,contrary,hidden_ability
serperior,overgrow,ability_1
serperior,contrary,hidden_ability
tepig,thick-fat,hidden_ability
tepig,blaze,ability_1
pignite,thick-fat,hidden_ability
pignite,blaze,ability_1
emboar,blaze,ability_1
emboar,reckless,hidden_ability
oshawott,torrent,ability_1
oshawott,shell-armor,hidden_ability
dewott,torrent,ability_1
dewott,shell-armor,hidden_ability
samurott,torrent,ability_1
samurott,shell-armor,hidden_ability
patrat,run-away,ability_1
patrat,keen-eye,ability_2
patrat,analytic,hidden_ability
watchog,illuminate,ability_1
watchog,keen-eye,ability_2
watchog,analytic,hidden_ability
lillipup,run-away,hidden_ability
lillipup,pickup,ability_2
lillipup,vital-spirit,ability_1
herdier,intimidate,ability_1
herdier,scrappy,hidden_ability
herdier,sand-rush,ability_2
stoutland,intimidate,ability_1
stoutland,scrappy,hidden_ability
stoutland,sand-rush,ability_2
purrloin,limber,ability_1
purrloin,unburden,ability_2
purrloin,prankster,hidden_ability
liepard,limber,ability_1
liepard,unburden,ability_2
liepard,prankster,hidden_ability
pansage,overgrow,hidden_ability
pansage,gluttony,ability_1
simisage,overgrow,hidden_ability
simisage,gluttony,ability_1
pansear,blaze,hidden_ability
pansear,gluttony,ability_1
simisear,blaze,hidden_ability
simisear,gluttony,ability_1
panpour,torrent,hidden_ability
panpour,gluttony,ability_1
simipour,torrent,hidden_ability
simipour,gluttony,ability_1
munna,synchronize,ability_2
munna,forewarn,ability_1
munna,telepathy,hidden_ability
musharna,synchronize,ability_2
musharna,forewarn,ability_1
musharna,telepathy,hidden_ability
pidove,rivalry,hidden_ability
pidove,super-luck,ability_2
pidove,big-pecks,ability_1
tranquill,rivalry,hidden_ability
tranquill,super-luck,ability_2
tranquill,big-pecks,ability_1
unfezant,rivalry,hidden_ability
unfezant,super-luck,ability_2
unfezant,big-pecks,ability_1
blitzle,lightning-rod,ability_1
blitzle,motor-drive,ability_2
blitzle,sap-sipper,hidden_ability
zebstrika,lightning-rod,ability_1
zebstrika,motor-drive,ability_2
zebstrika,sap-sipper,hidden_ability
roggenrola,sturdy,ability_1
roggenrola,weak-armor,ability_2
roggenrola,sand-force,hidden_ability
boldore,sturdy,ability_1
boldore,weak-armor,ability_2
boldore,sand-force,hidden_ability
gigalith,sturdy,ability_1
gigalith,sand-stream,ability_2
gigalith,sand-force,hidden_ability
woobat,simple,hidden_ability
woobat,klutz,ability_2
woobat,unaware,ability_1
swoobat,simple,hidden_ability
swoobat,klutz,ability_2
swoobat,unaware,ability_1
drilbur,mold-breaker,hidden_ability
drilbur,sand-rush,ability_1
drilbur,sand-force,ability_2
excadrill,mold-breaker,hidden_ability
excadrill,sand-rush,ability_1
excadrill,sand-force,ability_2
audino,klutz,hidden_ability
audino,healer,ability_1
audino,regenerator,ability_2
audino-mega,healer,ability_1
timburr,guts,ability_1
timburr,iron-fist,hidden_ability
timburr,sheer-force,ability_2
gurdurr,guts,ability_1
gurdurr,iron-fist,hidden_ability
gurdurr,sheer-force,ability_2
conkeldurr,guts,ability_1
conkeldurr,iron-fist,hidden_ability
conkeldurr,sheer-force,ability_2
tympole,water-absorb,hidden_ability
tympole,swift-swim,ability_1
tympole,hydration,ability_2
palpitoad,water-absorb,hidden_ability
palpitoad,swift-swim,ability_1
palpitoad,hydration,ability_2
seismitoad,water-absorb,hidden_ability
seismitoad,swift-swim,ability_1
seismitoad,poison-touch,ability_2
throh,inner-focus,ability_2
throh,guts,ability_1
throh,mold-breaker,hidden_ability
sawk,sturdy,ability_1
sawk,inner-focus,ability_2
sawk,mold-breaker,hidden_ability
sewaddle,chlorophyll,ability_2
sewaddle,swarm,ability_1
sewaddle,overcoat,hidden_ability
swadloon,chlorophyll,ability_2
swadloon,leaf-guard,ability_1
swadloon,overcoat,hidden_ability
leavanny,chlorophyll,ability_2
leavanny,swarm,ability_1
leavanny,overcoat,hidden_ability
venipede,speed-boost,hidden_ability
venipede,poison-point,ability_1
venipede,swarm,ability_2
whirlipede,speed-boost,hidden_ability
whirlipede,poison-point,ability_1
whirlipede,swarm,ability_2
scolipede,speed-boost,hidden_ability
scolipede,poison-point,ability_1
scolipede,swarm,ability_2
cottonee,chlorophyll,hidden_ability
cottonee,infiltrator,ability_2
cottonee,prankster,ability_1
whimsicott,chlorophyll,hidden_ability
whimsicott,infiltrator,ability_2
whimsicott,prankster,ability_1
petilil,own-tempo,ability_2
petilil,chlorophyll,ability_1
petilil,leaf-guard,hidden_ability
lilligant,own-tempo,ability_2
lilligant,chlorophyll,ability_1
lilligant,leaf-guard,hidden_ability
basculin-red-striped,adaptability,ability_2
basculin-red-striped,mold-breaker,hidden_ability
basculin-red-striped,reckless,ability_1
basculin-blue-striped,rock-head,ability_1
basculin-blue-striped,adaptability,ability_2
basculin-blue-striped,mold-breaker,hidden_ability
sandile,intimidate,ability_1
sandile,anger-point,hidden_ability
sandile,moxie,ability_2
krokorok,intimidate,ability_1
krokorok,anger-point,hidden_ability
krokorok,moxie,ability_2
krookodile,intimidate,ability_1
krookodile,anger-point,hidden_ability
krookodile,moxie,ability_2
darumaka,inner-focus,hidden_ability
darumaka,hustle,ability_1
darumaka-galar,inner-focus,hidden_ability
darumaka-galar,hustle,ability_1
darmanitan,sheer-force,ability_1
darmanitan,zen-mode,hidden_ability
darmanitan-zen,sheer-force,ability_1
darmanitan-zen,zen-mode,hidden_ability
darmanitan-galar,gorilla-tactics,ability_1
darmanitan-galar,zen-mode,hidden_ability
darmanitan-galar-zen,gorilla-tactics,ability_1
darmanitan-galar-zen,zen-mode,hidden_ability
maractus,water-absorb,ability_1
maractus,chlorophyll,ability_2
maractus,storm-drain,hidden_ability
dwebble,sturdy,ability_1
dwebble,shell-armor,ability_2
dwebble,weak-armor,hidden_ability
crustle,sturdy,ability_1
crustle,shell-armor,ability_2
crustle,weak-armor,hidden_ability
scraggy,intimidate,hidden_ability
scraggy,shed-skin,ability_1
scraggy,moxie,ability_2
scrafty,intimidate,hidden_ability
scrafty,shed-skin,ability_1
scrafty,moxie,ability_2
sigilyph,magic-guard,ability_2
sigilyph,tinted-lens,hidden_ability
sigilyph,wonder-skin,ability_1
yamask,mummy,ability_1
yamask-galar,wandering-spirit,ability_1
cofagrigus,mummy,ability_1
tirtouga,sturdy,ability_2
tirtouga,swift-swim,hidden_ability
tirtouga,solid-rock,ability_1
carracosta,sturdy,ability_2
carracosta,swift-swim,hidden_ability
carracosta,solid-rock,ability_1
archen,defeatist,ability_1
archeops,defeatist,ability_1
trubbish,stench,ability_1
trubbish,sticky-hold,ability_2
trubbish,aftermath,hidden_ability
garbodor,stench,ability_1
garbodor,aftermath,hidden_ability
garbodor,weak-armor,ability_2
garbodor-gigantamax,stench,ability_1
garbodor-gigantamax,aftermath,hidden_ability
garbodor-gigantamax,weak-armor,ability_2
zorua,illusion,ability_1
zoroark,illusion,ability_1
minccino,cute-charm,ability_1
minccino,skill-link,hidden_ability
minccino,technician,ability_2
cinccino,cute-charm,ability_1
cinccino,skill-link,hidden_ability
cinccino,technician,ability_2
gothita,shadow-tag,hidden_ability
gothita,frisk,ability_1
gothita,competitive,ability_2
gothorita,shadow-tag,hidden_ability
gothorita,frisk,ability_1
gothorita,competitive,ability_2
gothitelle,shadow-tag,hidden_ability
gothitelle,frisk,ability_1
gothitelle,competitive,ability_2
solosis,magic-guard,ability_2
solosis,overcoat,ability_1
solosis,regenerator,hidden_ability
duosion,magic-guard,ability_2
duosion,overcoat,ability_1
duosion,regenerator,hidden_ability
reuniclus,magic-guard,ability_2
reuniclus,overcoat,ability_1
reuniclus,regenerator,hidden_ability
ducklett,keen-eye,ability_1
ducklett,hydration,hidden_ability
ducklett,big-pecks,ability_2
swanna,keen-eye,ability_1
swanna,hydration,hidden_ability
swanna,big-pecks,ability_2
vanillite,snow-cloak,ability_2
vanillite,ice-body,ability_1
vanillite,weak-armor,hidden_ability
vanillish,snow-cloak,ability_2
vanillish,ice-body,ability_1
vanillish,weak-armor,hidden_ability
vanilluxe,ice-body,ability_1
vanilluxe,snow-warning,ability_2
vanilluxe,weak-armor,hidden_ability
deerling-spring,serene-grace,hidden_ability
deerling-spring,chlorophyll,ability_1
deerling-spring,sap-sipper,ability_2
deerling-summer,serene-grace,hidden_ability
deerling-summer,chlorophyll,ability_1
deerling-summer,sap-sipper,ability_2
deerling-autumn,serene-grace,hidden_ability
deerling-autumn,chlorophyll,ability_1
deerling-autumn,sap-sipper,ability_2
deerling-winter,serene-grace,hidden_ability
deerling-winter,chlorophyll,ability_1
deerling-winter,sap-sipper,ability_2
sawsbuck-spring,serene-grace,hidden_ability
sawsbuck-spring,chlorophyll,ability_1
sawsbuck-spring,sap-sipper,ability_2
sawsbuck-summer,serene-grace,hidden_ability
sawsbuck-summer,chlorophyll,ability_1
sawsbuck-summer,sap-sipper,ability_2
sawsbuck-autumn,serene-grace,hidden_ability
sawsbuck-autumn,chlorophyll,ability_1
sawsbuck-autumn,sap-sipper,ability_2
sawsbuck-winter,serene-grace,hidden_ability
sawsbuck-winter,chlorophyll,ability_1
sawsbuck-winter,sap-sipper,ability_2
emolga,static,ability_1
emolga,motor-drive,hidden_ability
karrablast,shed-skin,ability_2
karrablast,swarm,ability_1
karrablast,no-guard,hidden_ability
escavalier,swarm,ability_1
escavalier,shell-armor,ability_2
escavalier,overcoat,hidden_ability
foongus,effect-spore,ability_1
foongus,regenerator,hidden_ability
amoonguss,effect-spore,ability_1
amoonguss,regenerator,hidden_ability
frillish,damp,hidden_ability
frillish,water-absorb,ability_1
frillish,cursed-body,ability_2
jellicent,damp,hidden_ability
jellicent,water-absorb,ability_1
jellicent,cursed-body,ability_2
alomomola,hydration,ability_2
alomomola,healer,ability_1
alomomola,regenerator,hidden_ability
joltik,compound-eyes,ability_1
joltik,swarm,hidden_ability
joltik,unnerve,ability_2
galvantula,compound-eyes,ability_1
galvantula,swarm,hidden_ability
galvantula,unnerve,ability_2
ferroseed,iron-barbs,ability_1
ferrothorn,anticipation,hidden_ability
ferrothorn,iron-barbs,ability_1
klink,clear-body,hidden_ability
klink,plus,ability_1
klink,minus,ability_2
klang,clear-body,hidden_ability
klang,plus,ability_1
klang,minus,ability_2
klinklang,clear-body,hidden_ability
klinklang,plus,ability_1
klinklang,minus,ability_2
tynamo,levitate,ability_1
eelektrik,levitate,ability_1
eelektross,levitate,ability_1
elgyem,synchronize,ability_2
elgyem,telepathy,ability_1
elgyem,analytic,hidden_ability
beheeyem,synchronize,ability_2
beheeyem,telepathy,ability_1
beheeyem,analytic,hidden_ability
litwick,flash-fire,ability_1
litwick,flame-body,ability_2
litwick,infiltrator,hidden_ability
lampent,flash-fire,ability_1
lampent,flame-body,ability_2
lampent,infiltrator,hidden_ability
chandelure,flash-fire,ability_1
chandelure,flame-body,ability_2
chandelure,infiltrator,hidden_ability
axew,rivalry,ability_1
axew,mold-breaker,ability_2
axew,unnerve,hidden_ability
fraxure,rivalry,ability_1
fraxure,mold-breaker,ability_2
fraxure,unnerve,hidden_ability
haxorus,rivalry,ability_1
haxorus,mold-breaker,ability_2
haxorus,unnerve,hidden_ability
cubchoo,snow-cloak,ability_1
cubchoo,rattled,hidden_ability
cubchoo,slush-rush,ability_2
beartic,swift-swim,hidden_ability
beartic,snow-cloak,ability_1
beartic,slush-rush,ability_2
cryogonal,levitate,ability_1
shelmet,shell-armor,ability_2
shelmet,hydration,ability_1
shelmet,overcoat,hidden_ability
accelgor,sticky-hold,ability_2
accelgor,unburden,hidden_ability
accelgor,hydration,ability_1
stunfisk,limber,ability_2
stunfisk,sand-veil,hidden_ability
stunfisk,static,ability_1
stunfisk-galar,mimicry,ability_1
mienfoo,inner-focus,ability_1
mienfoo,reckless,hidden_ability
mienfoo,regenerator,ability_2
mienshao,inner-focus,ability_1
mienshao,reckless,hidden_ability
mienshao,regenerator,ability_2
druddigon,rough-skin,ability_1
druddigon,mold-breaker,hidden_ability
druddigon,sheer-force,ability_2
golett,iron-fist,ability_1
golett,no-guard,hidden_ability
golett,klutz,ability_2
golurk,iron-fist,ability_1
golurk,no-guard,hidden_ability
golurk,klutz,ability_2
pawniard,inner-focus,ability_2
pawniard,pressure,hidden_ability
pawniard,defiant,ability_1
bisharp,inner-focus,ability_2
bisharp,pressure,hidden_ability
bisharp,defiant,ability_1
bouffalant,soundproof,hidden_ability
bouffalant,reckless,ability_1
bouffalant,sap-sipper,ability_2
rufflet,keen-eye,ability_1
rufflet,hustle,hidden_ability
rufflet,sheer-force,ability_2
braviary,keen-eye,ability_1
braviary,sheer-force,ability_2
braviary,defiant,hidden_ability
vullaby,weak-armor,hidden_ability
vullaby,overcoat,ability_2
vullaby,big-pecks,ability_1
mandibuzz,weak-armor,hidden_ability
mandibuzz,overcoat,ability_2
mandibuzz,big-pecks,ability_1
heatmor,flash-fire,ability_2
heatmor,white-smoke,hidden_ability
heatmor,gluttony,ability_1
durant,truant,hidden_ability
durant,hustle,ability_2
durant,swarm,ability_1
deino,hustle,ability_1
zweilous,hustle,ability_1
hydreigon,levitate,ability_1
larvesta,flame-body,ability_1
larvesta,swarm,hidden_ability
volcarona,flame-body,ability_1
volcarona,swarm,hidden_ability
cobalion,justified,ability_1
terrakion,justified,ability_1
virizion,justified,ability_1
tornadus,defiant,hidden_ability
tornadus,prankster,ability_1
tornadus-therian,regenerator,ability_1
thundurus,defiant,hidden_ability
thundurus,prankster,ability_1
thundurus-therian,volt-absorb,ability_1
reshiram,turboblaze,ability_1
zekrom,teravolt,ability_1
landorus,sheer-force,hidden_ability
landorus,sand-force,ability_1
landorus-therian,intimidate,ability_1
kyurem,pressure,ability_1
kyurem-white,turboblaze,ability_1
kyurem-black,teravolt,ability_1
keldeo,justified,ability_1
keldeo-resolute,justified,ability_1
meloetta-aria,serene-grace,ability_1
meloetta-pirouette,serene-grace,ability_1
genesect,download,ability_1
genesect-douse,download,ability_1
genesect-shock,download,ability_1
genesect-burn,download,ability_1
genesect-chill,download,ability_1
chespin,overgrow,ability_1
chespin,bulletproof,hidden_ability
quilladin,overgrow,ability_1
quilladin,bulletproof,hidden_ability
chesnaught,overgrow,ability_1
chesnaught,bulletproof,hidden_ability
fennekin,blaze,ability_1
fennekin,magician,hidden_ability
braixen,blaze,ability_1
braixen,magician,hidden_ability
delphox,blaze,ability_1
delphox,magician,hidden_ability
froakie,torrent,ability_1
froakie,protean,hidden_ability
frogadier,torrent,ability_1
frogadier,protean,hidden_ability
greninja,torrent,ability_1
greninja,protean,hidden_ability
greninja,battle-bond,unique_ability
greninja-ash,battle-bond,ability_1
bunnelby,huge-power,hidden_ability
bunnelby,pickup,ability_1
bunnelby,cheek-pouch,ability_2
diggersby,huge-power,hidden_ability
diggersby,pickup,ability_1
diggersby,cheek-pouch,ability_2
fletchling,big-pecks,ability_1
fletchling,gale-wings,hidden_ability
fletchinder,flame-body,ability_1
fletchinder,gale-wings,hidden_ability
talonflame,flame-body,ability_1
talonflame,gale-wings,hidden_ability
scatterbug,compound-eyes,ability_2
scatterbug,shield-dust,ability_1
scatterbug,friend-guard,hidden_ability
spewpa,shed-skin,ability_1
spewpa,friend-guard,hidden_ability
vivillon-icy-snow,compound-eyes,ability_2
vivillon-icy-snow,shield-dust,ability_1
vivillon-icy-snow,friend-guard,hidden_ability
vivillon-polar,compound-eyes,ability_2
vivillon-polar,shield-dust,ability_1
vivillon-polar,friend-guard,hidden_ability
vivillon-tundra,compound-eyes,ability_2
vivillon-tundra,shield-dust,ability_1
vivillon-tundra,friend-guard,hidden_ability
vivillon-continental,compound-eyes,ability_2
vivillon-continental,shield-dust,ability_1
vivillon-continental,friend-guard,hidden_ability
vivillon-garden,compound-eyes,ability_2
vivillon-garden,shield-dust,ability_1
vivillon-garden,friend-guard,hidden_ability
vivillon-elegant,compound-eyes,ability_2
vivillon-elegant,shield-dust,ability_1
vivillon-elegant,friend-guard,hidden_ability
vivillon-meadow,compound-eyes,ability_2
vivillon-meadow,shield-dust,ability_1
vivillon-meadow,friend-guard,hidden_ability
vivillon-modern,compound-eyes,ability_2
vivillon-modern,shield-dust,ability_1
vivillon-modern,friend-guard,hidden_ability
vivillon-marine,compound-eyes,ability_2
vivillon-marine,shield-dust,ability_1
vivillon-marine,friend-guard,hidden_ability
vivillon-archipelago,compound-eyes,ability_2
vivillon-archipelago,shield-dust,ability_1
vivillon-archipelago,friend-guard,hidden_ability
vivillon-high-plains,compound-eyes,ability_2
vivillon-high-plains,shield-dust,ability_1
vivillon-high-plains,friend-guard,hidden_ability
vivillon-sandstorm,compound-eyes,ability_2
vivillon-sandstorm,shield-dust,ability_1
vivillon-sandstorm,friend-guard,hidden_ability
vivillon-river,compound-eyes,ability_2
vivillon-river,shield-dust,ability_1
vivillon-river,friend-guard,hidden_ability
vivillon-monsoon,compound-eyes,ability_2
vivillon-monsoon,shield-dust,ability_1
vivillon-monsoon,friend-guard,hidden_ability
vivillon-savanna,compound-eyes,ability_2
vivillon-savanna,shield-dust,ability_1
vivillon-savanna,friend-guard,hidden_ability
vivillon-sun,compound-eyes,ability_2
vivillon-sun,shield-dust,ability_1
vivillon-sun,friend-guard,hidden_ability
vivillon-ocean,compound-eyes,ability_2
vivillon-ocean,shield-dust,ability_1
vivillon-ocean,friend-guard,hidden_ability
vivillon-jungle,compound-eyes,ability_2
vivillon-jungle,shield-dust,ability_1
vivillon-jungle,friend-guard,hidden_ability
vivillon-fancy,compound-eyes,ability_2
vivillon-fancy,shield-dust,ability_1
vivillon-fancy,friend-guard,hidden_ability
vivillon-poke-ball,compound-eyes,ability_2
vivillon-poke-ball,shield-dust,ability_1
vivillon-poke-ball,friend-guard,hidden_ability
litleo,rivalry,ability_1
litleo,unnerve,ability_2
litleo,moxie,hidden_ability
pyroar,rivalry,ability_1
pyroar,unnerve,ability_2
pyroar,moxie,hidden_ability
flabebe-red,flower-veil,ability_1
flabebe-red,symbiosis,hidden_ability
flabebe-yellow,flower-veil,ability_1
flabebe-yellow,symbiosis,hidden_ability
flabebe-orange,flower-veil,ability_1
flabebe-orange,symbiosis,hidden_ability
flabebe-blue,flower-veil,ability_1
flabebe-blue,symbiosis,hidden_ability
flabebe-white,flower-veil,ability_1
flabebe-white,symbiosis,hidden_ability
floette-red,flower-veil,ability_1
floette-red,symbiosis,hidden_ability
floette-yellow,flower-veil,ability_1
floette-yellow,symbiosis,hidden_ability
floette-orange,flower-veil,ability_1
floette-orange,symbiosis,hidden_ability
floette-blue,flower-veil,ability_1
floette-blue,symbiosis,hidden_ability
floette-white,flower-veil,ability_1
floette-white,symbiosis,hidden_ability
floette-eternal,flower-veil,ability_1
floette-eternal,symbiosis,hidden_ability
florges-red,flower-veil,ability_1
florges-red,symbiosis,hidden_ability
florges-yellow,flower-veil,ability_1
florges-yellow,symbiosis,hidden_ability
florges-orange,flower-veil,ability_1
florges-orange,symbiosis,hidden_ability
florges-blue,flower-veil,ability_1
florges-blue,symbiosis,hidden_ability
florges-white,flower-veil,ability_1
florges-white,symbiosis,hidden_ability
skiddo,sap-sipper,ability_1
skiddo,grass-pelt,hidden_ability
gogoat,sap-sipper,ability_1
gogoat,grass-pelt,hidden_ability
pancham,iron-fist,ability_1
pancham,mold-breaker,ability_2
pancham,scrappy,hidden_ability
pangoro,iron-fist,ability_1
pangoro,mold-breaker,ability_2
pangoro,scrappy,hidden_ability
furfrou,fur-coat,ability_1
furfrou-heart,fur-coat,ability_1
furfrou-star,fur-coat,ability_1
furfrou-diamond,fur-coat,ability_1
furfrou-la-reine,fur-coat,ability_1
furfrou-kabuki,fur-coat,ability_1
furfrou-pharaoh,fur-coat,ability_1
furfrou-debutante,fur-coat,ability_1
furfrou-matron,fur-coat,ability_1
furfrou-dandy,fur-coat,ability_1
espurr,own-tempo,hidden_ability
espurr,keen-eye,ability_1
espurr,infiltrator,ability_2
meowstic-female,keen-eye,ability_1
meowstic-female,infiltrator,ability_2
meowstic-female,competitive,hidden_ability
meowstic-male,keen-eye,ability_1
meowstic-male,infiltrator,ability_2
meowstic-male,prankster,hidden_ability
honedge,no-guard,ability_1
doublade,no-guard,ability_1
aegislash-shield,stance-change,ability_1
aegislash-blade,stance-change,ability_1
spritzee,healer,ability_1
spritzee,aroma-veil,hidden_ability
aromatisse,healer,ability_1
aromatisse,aroma-veil,hidden_ability
swirlix,unburden,hidden_ability
swirlix,sweet-veil,ability_1
slurpuff,unburden,hidden_ability
slurpuff,sweet-veil,ability_1
inkay,suction-cups,ability_2
inkay,contrary,ability_1
inkay,infiltrator,hidden_ability
malamar,suction-cups,ability_2
malamar,contrary,ability_1
malamar,infiltrator,hidden_ability
binacle,sniper,ability_2
binacle,pickpocket,hidden_ability
binacle,tough-claws,ability_1
barbaracle,sniper,ability_2
barbaracle,pickpocket,hidden_ability
barbaracle,tough-claws,ability_1
skrelp,poison-point,ability_1
skrelp,adaptability,hidden_ability
skrelp,poison-touch,ability_2
dragalge,poison-point,ability_1
dragalge,adaptability,hidden_ability
dragalge,poison-touch,ability_2
clauncher,mega-launcher,ability_1
clawitzer,mega-launcher,ability_1
helioptile,sand-veil,ability_2
helioptile,dry-skin,ability_1
helioptile,solar-power,hidden_ability
heliolisk,sand-veil,ability_2
heliolisk,dry-skin,ability_1
heliolisk,solar-power,hidden_ability
tyrunt,sturdy,hidden_ability
tyrunt,strong-jaw,ability_1
tyrantrum,rock-head,hidden_ability
tyrantrum,strong-jaw,ability_1
amaura,snow-warning,hidden_ability
amaura,refrigerate,ability_1
aurorus,snow-warning,hidden_ability
aurorus,refrigerate,ability_1
sylveon,cute-charm,ability_1
sylveon,pixilate,hidden_ability
hawlucha,limber,ability_1
hawlucha,unburden,ability_2
hawlucha,mold-breaker,hidden_ability
dedenne,pickup,ability_2
dedenne,plus,hidden_ability
dedenne,cheek-pouch,ability_1
carbink,sturdy,hidden_ability
carbink,clear-body,ability_1
goomy,hydration,ability_2
goomy,sap-sipper,ability_1
goomy,gooey,hidden_ability
sliggoo,hydration,ability_2
sliggoo,sap-sipper,ability_1
sliggoo,gooey,hidden_ability
goodra,hydration,ability_2
goodra,sap-sipper,ability_1
goodra,gooey,hidden_ability
klefki,prankster,ability_1
klefki,magician,hidden_ability
phantump,natural-cure,ability_1
phantump,frisk,ability_2
phantump,harvest,hidden_ability
trevenant,natural-cure,ability_1
trevenant,frisk,ability_2
trevenant,harvest,hidden_ability
pumpkaboo-small,insomnia,hidden_ability
pumpkaboo-small,pickup,ability_1
pumpkaboo-small,frisk,ability_2
pumpkaboo,insomnia,hidden_ability
pumpkaboo,pickup,ability_1
pumpkaboo,frisk,ability_2
pumpkaboo-large,insomnia,hidden_ability
pumpkaboo-large,pickup,ability_1
pumpkaboo-large,frisk,ability_2
pumpkaboo-super,insomnia,hidden_ability
pumpkaboo-super,pickup,ability_1
pumpkaboo-super,frisk,ability_2
gourgeist-small,insomnia,hidden_ability
gourgeist-small,pickup,ability_1
gourgeist-small,frisk,ability_2
gourgeist,insomnia,hidden_ability
gourgeist,pickup,ability_1
gourgeist,frisk,ability_2
gourgeist-large,insomnia,hidden_ability
gourgeist-large,pickup,ability_1
gourgeist-large,frisk,ability_2
gourgeist-super,insomnia,hidden_ability
gourgeist-super,pickup,ability_1
gourgeist-super,frisk,ability_2
bergmite,sturdy,hidden_ability
bergmite,own-tempo,ability_1
bergmite,ice-body,ability_2
avalugg,sturdy,hidden_ability
avalugg,own-tempo,ability_1
avalugg,ice-body,ability_2
noibat,frisk,ability_1
noibat,telepathy,hidden_ability
noibat,infiltrator,ability_2
noivern,frisk,ability_1
noivern,telepathy,hidden_ability
noivern,infiltrator,ability_2
xerneas,fairy-aura,ability_1
xerneas-active,fairy-aura,ability_1
yveltal,dark-aura,ability_1
zygarde-10-percent,aura-break,ability_1
zygarde-10-percent,power-construct,unique_ability
zygarde,aura-break,ability_1
zygard,power-construct,unique_ability
zygarde-complete,power-construct,ability_1
diancie,clear-body,ability_1
diancie-mega,magic-bounce,ability_1
hoopa,magician,ability_1
hoopa-unbound,magician,ability_1
volcanion,water-absorb,ability_1
rowlet,overgrow,ability_1
rowlet,long-reach,hidden_ability
dartrix,overgrow,ability_1
dartrix,long-reach,hidden_ability
decidueye,overgrow,ability_1
decidueye,long-reach,hidden_ability
litten,intimidate,hidden_ability
litten,blaze,ability_1
torracat,intimidate,hidden_ability
torracat,blaze,ability_1
incineroar,intimidate,hidden_ability
incineroar,blaze,ability_1
popplio,torrent,ability_1
popplio,liquid-voice,hidden_ability
brionne,torrent,ability_1
brionne,liquid-voice,hidden_ability
primarina,torrent,ability_1
primarina,liquid-voice,hidden_ability
pikipek,keen-eye,ability_1
pikipek,pickup,hidden_ability
pikipek,skill-link,ability_2
trumbeak,keen-eye,ability_1
trumbeak,pickup,hidden_ability
trumbeak,skill-link,ability_2
toucannon,keen-eye,ability_1
toucannon,skill-link,ability_2
toucannon,sheer-force,hidden_ability
yungoos,adaptability,hidden_ability
yungoos,strong-jaw,ability_2
yungoos,stakeout,ability_1
gumshoos,adaptability,hidden_ability
gumshoos,strong-jaw,ability_2
gumshoos,stakeout,ability_1
grubbin,swarm,ability_1
charjabug,battery,ability_1
vikavolt,levitate,ability_1
crabrawler,hyper-cutter,ability_1
crabrawler,anger-point,hidden_ability
crabrawler,iron-fist,ability_2
crabominable,hyper-cutter,ability_1
crabominable,anger-point,hidden_ability
crabominable,iron-fist,ability_2
oricorio-baile,dancer,ability_1
oricorio-pom-pom,dancer,ability_1
oricorio-pau,dancer,ability_1
oricorio-sensu,dancer,ability_1
cutiefly,shield-dust,ability_2
cutiefly,honey-gather,ability_1
cutiefly,sweet-veil,hidden_ability
ribombee,shield-dust,ability_2
ribombee,honey-gather,ability_1
ribombee,sweet-veil,hidden_ability
rockruff,own-tempo,unique_ability
rockruff,keen-eye,ability_1
rockruff,vital-spirit,ability_2
rockruff,steadfast,hidden_ability
lycanroc-midday,keen-eye,ability_1
lycanroc-midday,steadfast,hidden_ability
lycanroc-midday,sand-rush,ability_2
lycanroc-midnight,keen-eye,ability_1
lycanroc-midnight,vital-spirit,ability_2
lycanroc-midnight,no-guard,hidden_ability
lycanroc-dusk,tough-claws,ability_1
wishiwashi,schooling,ability_1
wishiwashi-school,schooling,ability_1
mareanie,limber,ability_2
mareanie,regenerator,hidden_ability
mareanie,merciless,ability_1
toxapex,limber,ability_2
toxapex,regenerator,hidden_ability
toxapex,merciless,ability_1
mudbray,own-tempo,ability_1
mudbray,inner-focus,hidden_ability
mudbray,stamina,ability_2
mudsdale,own-tempo,ability_1
mudsdale,inner-focus,hidden_ability
mudsdale,stamina,ability_2
dewpider,water-absorb,hidden_ability
dewpider,water-bubble,ability_1
araquanid,water-absorb,hidden_ability
araquanid,water-bubble,ability_1
fomantis,leaf-guard,ability_1
fomantis,contrary,hidden_ability
lurantis,leaf-guard,ability_1
lurantis,contrary,hidden_ability
morelull,effect-spore,ability_2
morelull,illuminate,ability_1
morelull,rain-dish,hidden_ability
shiinotic,effect-spore,ability_2
shiinotic,illuminate,ability_1
shiinotic,rain-dish,hidden_ability
salandit,oblivious,hidden_ability
salandit,corrosion,ability_1
salazzle,oblivious,hidden_ability
salazzle,corrosion,ability_1
stufful,cute-charm,hidden_ability
stufful,klutz,ability_2
stufful,fluffy,ability_1
bewear,klutz,ability_2
bewear,unnerve,hidden_ability
bewear,fluffy,ability_1
bounsweet,oblivious,ability_2
bounsweet,leaf-guard,ability_1
bounsweet,sweet-veil,hidden_ability
steenee,oblivious,ability_2
steenee,leaf-guard,ability_1
steenee,sweet-veil,hidden_ability
tsareena,leaf-guard,ability_1
tsareena,sweet-veil,hidden_ability
tsareena,queenly-majesty,ability_2
comfey,natural-cure,hidden_ability
comfey,flower-veil,ability_1
comfey,triage,ability_2
oranguru,inner-focus,ability_1
oranguru,telepathy,ability_2
oranguru,symbiosis,hidden_ability
passimian,defiant,hidden_ability
passimian,receiver,ability_1
wimpod,wimp-out,ability_1
golisopod,emergency-exit,ability_1
sandygast,sand-veil,hidden_ability
sandygast,water-compaction,ability_1
palossand,sand-veil,hidden_ability
palossand,water-compaction,ability_1
pyukumuku,unaware,hidden_ability
pyukumuku,innards-out,ability_1
type-null,battle-armor,ability_1
silvally,rks-system,ability_1
silvally-fire,rks-system,ability_1
silvally-water,rks-system,ability_1
silvally-grass,rks-system,ability_1
silvally-electric,rks-system,ability_1
silvally-ice,rks-system,ability_1
silvally-fighting,rks-system,ability_1
silvally-poison,rks-system,ability_1
silvally-ground,rks-system,ability_1
silvally-flying,rks-system,ability_1
silvally-psychic,rks-system,ability_1
silvally-bug,rks-system,ability_1
silvally-rock,rks-system,ability_1
silvally-ghost,rks-system,ability_1
silvally-dragon,rks-system,ability_1
silvally-dark,rks-system,ability_1
silvally-steel,rks-system,ability_1
silvally-fairy,rks-system,ability_1
minior,shields-down,ability_1
minior-red,shields-down,ability_1
minior-orange,shields-down,ability_1
minior-yellow,shields-down,ability_1
minior-green,shields-down,ability_1
minior-blue,shields-down,ability_1
minior-indigo,shields-down,ability_1
minior-violet,shields-down,ability_1
komala,comatose,ability_1
turtonator,shell-armor,ability_1
togedemaru,sturdy,hidden_ability
togedemaru,lightning-rod,ability_2
togedemaru,iron-barbs,ability_1
mimikyu,disguise,ability_1
mimikyu-busted,disguise,ability_1
bruxish,wonder-skin,hidden_ability
bruxish,strong-jaw,ability_2
bruxish,dazzling,ability_1
drampa,cloud-nine,hidden_ability
drampa,sap-sipper,ability_2
drampa,berserk,ability_1
dhelmise,steelworker,ability_1
jangmo-o,soundproof,ability_2
jangmo-o,overcoat,hidden_ability
jangmo-o,bulletproof,ability_1
hakamo-o,soundproof,ability_2
hakamo-o,overcoat,hidden_ability
hakamo-o,bulletproof,ability_1
kommo-o,soundproof,ability_2
kommo-o,overcoat,hidden_ability
kommo-o,bulletproof,ability_1
tapu-koko,telepathy,hidden_ability
tapu-koko,electric-surge,ability_1
tapu-lele,telepathy,hidden_ability
tapu-lele,psychic-surge,ability_1
tapu-bulu,telepathy,hidden_ability
tapu-bulu,grassy-surge,ability_1
tapu-fini,telepathy,hidden_ability
tapu-fini,misty-surge,ability_1
cosmog,unaware,ability_1
cosmoem,sturdy,ability_1
solgaleo,full-metal-body,ability_1
lunala,shadow-shield,ability_1
nihilego,beast-boost,ability_1
buzzwole,beast-boost,ability_1
pheromosa,beast-boost,ability_1
xurkitree,beast-boost,ability_1
celesteela,beast-boost,ability_1
kartana,beast-boost,ability_1
guzzlord,beast-boost,ability_1
necrozma,prism-armor,ability_1
necrozma-dusk-mane,prism-armor,ability_1
necrozma-dawn-wings,prism-armor,ability_1
necrozma-ultra,neuroforce,ability_1
magearna,soul-heart,ability_1
magearna-original,soul-heart,ability_1
marshadow,technician,ability_1
poipole,beast-boost,ability_1
naganadel,beast-boost,ability_1
stakataka,beast-boost,ability_1
blacephalon,beast-boost,ability_1
zeraora,volt-absorb,ability_1
meltan,magnet-pull,ability_1
melmetal,iron-fist,ability_1
melmetal-gigantamax,iron-fist,ability_1
grookey,overgrow,ability_1
grookey,grassy-surge,hidden_ability
thwackey,overgrow,ability_1
thwackey,grassy-surge,hidden_ability
rillaboom,overgrow,ability_1
rillaboom,grassy-surge,hidden_ability
scorbunny,blaze,ability_1
scorbunny,libero,hidden_ability
raboot,blaze,ability_1
raboot,libero,hidden_ability
cinderace,blaze,ability_1
cinderace,libero,hidden_ability
sobble,torrent,ability_1
sobble,sniper,hidden_ability
drizzile,torrent,ability_1
drizzile,sniper,hidden_ability
inteleon,torrent,ability_1
inteleon,sniper,hidden_ability
skwovet,gluttony,hidden_ability
skwovet,cheek-pouch,ability_1
greedent,gluttony,hidden_ability
greedent,cheek-pouch,ability_1
rookidee,keen-eye,ability_1
rookidee,unnerve,ability_2
rookidee,big-pecks,hidden_ability
corvisquire,keen-eye,ability_1
corvisquire,unnerve,ability_2
corvisquire,big-pecks,hidden_ability
corviknight,pressure,ability_1
corviknight,unnerve,ability_2
corviknight,mirror-armor,hidden_ability
corviknight-gigantamax,pressure,ability_1
corviknight-gigantamax,unnerve,ability_2
corviknight-gigantamax,mirror-armor,hidden_ability
blipbug,compound-eyes,ability_2
blipbug,swarm,ability_1
blipbug,telepathy,hidden_ability
dottler,compound-eyes,ability_2
dottler,swarm,ability_1
dottler,telepathy,hidden_ability
orbeetle,swarm,ability_1
orbeetle,frisk,ability_2
orbeetle,telepathy,hidden_ability
orbeetle-gigantamax,swarm,ability_1
orbeetle-gigantamax,frisk,ability_2
orbeetle-gigantamax,telepathy,hidden_ability
nickit,run-away,ability_1
nickit,unburden,ability_2
nickit,stakeout,hidden_ability
thievul,run-away,ability_1
thievul,unburden,ability_2
thievul,stakeout,hidden_ability
gossifleur,effect-spore,hidden_ability
gossifleur,regenerator,ability_2
gossifleur,cotton-down,ability_1
eldegoss,effect-spore,hidden_ability
eldegoss,regenerator,ability_2
eldegoss,cotton-down,ability_1
wooloo,run-away,ability_2
wooloo,bulletproof,hidden_ability
wooloo,fluffy,ability_1
dubwool,steadfast,ability_2
dubwool,bulletproof,hidden_ability
dubwool,fluffy,ability_1
chewtle,swift-swim,hidden_ability
chewtle,shell-armor,ability_2
chewtle,strong-jaw,ability_1
drednaw,swift-swim,hidden_ability
drednaw,shell-armor,ability_2
drednaw,strong-jaw,ability_1
drednaw-gigantamax,swift-swim,hidden_ability
drednaw-gigantamax,shell-armor,ability_2
drednaw-gigantamax,strong-jaw,ability_1
yamper,rattled,hidden_ability
yamper,ball-fetch,ability_1
boltund,competitive,hidden_ability
boltund,strong-jaw,ability_1
rolycoly,flash-fire,hidden_ability
rolycoly,heatproof,ability_2
rolycoly,steam-engine,ability_1
carkol,flash-fire,hidden_ability
carkol,flame-body,ability_2
carkol,steam-engine,ability_1
coalossal,flash-fire,hidden_ability
coalossal,flame-body,ability_2
coalossal,steam-engine,ability_1
coalossal-gigantamax,flash-fire,hidden_ability
coalossal-gigantamax,flame-body,ability_2
coalossal-gigantamax,steam-engine,ability_1
applin,gluttony,ability_2
applin,bulletproof,hidden_ability
applin,ripen,ability_1
flapple,hustle,hidden_ability
flapple,gluttony,ability_2
flapple,ripen,ability_1
flapple-gigantamax,hustle,hidden_ability
flapple-gigantamax,gluttony,ability_2
flapple-gigantamax,ripen,ability_1
appletun,thick-fat,hidden_ability
appletun,gluttony,ability_2
appletun,ripen,ability_1
appletun-gigantamax,thick-fat,hidden_ability
appletun-gigantamax,gluttony,ability_2
appletun-gigantamax,ripen,ability_1
silicobra,sand-veil,hidden_ability
silicobra,shed-skin,ability_2
silicobra,sand-spit,ability_1
sandaconda,sand-veil,hidden_ability
sandaconda,shed-skin,ability_2
sandaconda,sand-spit,ability_1
sandaconda-gigantamax,sand-veil,hidden_ability
sandaconda-gigantamax,shed-skin,ability_2
sandaconda-gigantamax,sand-spit,ability_1
cramorant,gulp-missile,ability_1
cramorant-gulping,gulp-missile,ability_1
cramorant-gorging,gulp-missile,ability_1
arrokuda,swift-swim,ability_1
arrokuda,propeller-tail,hidden_ability
barraskewda,swift-swim,ability_1
barraskewda,propeller-tail,hidden_ability
toxel,static,ability_2
toxel,klutz,hidden_ability
toxel,rattled,ability_1
toxtricity-amped,plus,ability_2
toxtricity-amped,technician,hidden_ability
toxtricity-amped,punk-rock,ability_1
toxtricity-low-key,minus,ability_2
toxtricity-low-key,technician,hidden_ability
toxtricity-low-key,punk-rock,ability_1
toxtricity-gigantamax,plus,ability_2
toxtricity-gigantamax,minus,ability_2
toxtricity-gigantamax,technician,hidden_ability
toxtricity-gigantamax,punk-rock,ability_1
sizzlipede,flash-fire,ability_1
sizzlipede,flame-body,hidden_ability
sizzlipede,white-smoke,ability_2
centiskorch,flash-fire,ability_1
centiskorch,flame-body,hidden_ability
centiskorch,white-smoke,ability_2
centiskorch-gigantamax,flash-fire,ability_1
centiskorch-gigantamax,flame-body,hidden_ability
centiskorch-gigantamax,white-smoke,ability_2
clobbopus,limber,ability_1
clobbopus,technician,hidden_ability
grapploct,limber,ability_1
grapploct,technician,hidden_ability
sinistea,cursed-body,hidden_ability
sinistea,weak-armor,ability_1
sinistea-antique,cursed-body,hidden_ability
sinistea-antique,weak-armor,ability_1
polteageist,cursed-body,hidden_ability
polteageist,weak-armor,ability_1
polteageist-antique,cursed-body,hidden_ability
polteageist-antique,weak-armor,ability_1
hatenna,anticipation,ability_2
hatenna,healer,ability_1
hatenna,magic-bounce,hidden_ability
hattrem,anticipation,ability_2
hattrem,healer,ability_1
hattrem,magic-bounce,hidden_ability
hatterene,anticipation,ability_2
hatterene,healer,ability_1
hatterene,magic-bounce,hidden_ability
hatterene-gigantamax,anticipation,ability_2
hatterene-gigantamax,healer,ability_1
hatterene-gigantamax,magic-bounce,hidden_ability
impidimp,frisk,ability_2
impidimp,pickpocket,hidden_ability
impidimp,prankster,ability_1
morgrem,frisk,ability_2
morgrem,pickpocket,hidden_ability
morgrem,prankster,ability_1
grimmsnarl,frisk,ability_2
grimmsnarl,pickpocket,hidden_ability
grimmsnarl,prankster,ability_1
grimmsnarl-gigantamax,frisk,ability_2
grimmsnarl-gigantamax,pickpocket,hidden_ability
grimmsnarl-gigantamax,prankster,ability_1
obstagoon,guts,ability_2
obstagoon,reckless,ability_1
obstagoon,defiant,hidden_ability
perrserker,battle-armor,ability_1
perrserker,tough-claws,ability_2
perrserker,steely-spirit,hidden_ability
cursola,weak-armor,ability_1
cursola,perish-body,hidden_ability
sirfetchd,steadfast,ability_1
sirfetchd,scrappy,hidden_ability
mr-rime,tangled-feet,ability_1
mr-rime,ice-body,hidden_ability
mr-rime,screen-cleaner,ability_2
runerigus,wandering-spirit,ability_1
milcery,aroma-veil,hidden_ability
milcery,sweet-veil,ability_1
alcremie-vanilla-cream,aroma-veil,hidden_ability
alcremie-vanilla-cream,sweet-veil,ability_1
alcremie-ruby-cream,aroma-veil,hidden_ability
alcremie-ruby-cream,sweet-veil,ability_1
alcremie-matcha-cream,aroma-veil,hidden_ability
alcremie-matcha-cream,sweet-veil,ability_1
alcremie-mint-cream,aroma-veil,hidden_ability
alcremie-mint-cream,sweet-veil,ability_1
alcremie-lemon-cream,aroma-veil,hidden_ability
alcremie-lemon-cream,sweet-veil,ability_1
alcremie-salted-cream,aroma-veil,hidden_ability
alcremie-salted-cream,sweet-veil,ability_1
alcremie-ruby-swirl,aroma-veil,hidden_ability
alcremie-ruby-swirl,sweet-veil,ability_1
alcremie-caramel-swirl,aroma-veil,hidden_ability
alcremie-caramel-swirl,sweet-veil,ability_1
alcremie-rainbow-swirl,aroma-veil,hidden_ability
alcremie-rainbow-swirl,sweet-veil,ability_1
alcremie-gigantamax,aroma-veil,hidden_ability
alcremie-gigantamax,sweet-veil,ability_1
falinks,battle-armor,ability_1
falinks,defiant,hidden_ability
pincurchin,lightning-rod,ability_1
pincurchin,electric-surge,hidden_ability
snom,shield-dust,ability_1
snom,ice-scales,hidden_ability
frosmoth,shield-dust,ability_1
frosmoth,ice-scales,hidden_ability
stonjourner,power-spot,ability_1
eiscue,ice-face,ability_1
eiscue-noice,ice-face,ability_1
indeedee-female,own-tempo,ability_1
indeedee-female,synchronize,ability_2
indeedee-female,psychic-surge,hidden_ability
indeedee-male,synchronize,ability_2
indeedee-male,inner-focus,ability_1
indeedee-male,psychic-surge,hidden_ability
morpeko,hunger-switch,ability_1
morpeko-hangry,hunger-switch,ability_1
cufant,sheer-force,ability_1
cufant,heavy-metal,hidden_ability
copperajah,sheer-force,ability_1
copperajah,heavy-metal,hidden_ability
copperajah-gigantamax,sheer-force,ability_1
copperajah-gigantamax,heavy-metal,hidden_ability
dracozolt,volt-absorb,ability_1
dracozolt,hustle,ability_2
dracozolt,sand-rush,hidden_ability
arctozolt,static,ability_2
arctozolt,volt-absorb,ability_1
arctozolt,slush-rush,hidden_ability
dracovish,water-absorb,ability_1
dracovish,sand-rush,hidden_ability
dracovish,strong-jaw,ability_2
arctovish,water-absorb,ability_1
arctovish,ice-body,ability_2
arctovish,slush-rush,hidden_ability
duraludon,heavy-metal,ability_2
duraludon,light-metal,ability_1
duraludon,stalwart,hidden_ability
duraludon-gigantamax,heavy-metal,ability_2
duraludon-gigantamax,light-metal,ability_1
duraludon-gigantamax,stalwart,hidden_ability
dreepy,clear-body,ability_1
dreepy,cursed-body,hidden_ability
dreepy,infiltrator,ability_2
drakloak,clear-body,ability_1
drakloak,cursed-body,hidden_ability
drakloak,infiltrator,ability_2
dragapult,clear-body,ability_1
dragapult,cursed-body,hidden_ability
dragapult,infiltrator,ability_2
zacian,intrepid-sword,ability_1
zacian-crowned,intrepid-sword,ability_1
zamazenta,dauntless-shield,ability_1
zamazenta-crowned,dauntless-shield,ability_1
eternatus,pressure,ability_1
eternatus-eternamax,pressure,ability_1
kubfu,inner-focus,ability_1
urshifu-single,unseen-fist,ability_1
urshifu-rapid,unseen-fist,ability_1
urshifu-single-gigantamax,unseen-fist,ability_1
urshifu-rapid-gigantamax,unseen-fist,ability_1
zarude,leaf-guard,ability_1
zarude-dada,leaf-guard,ability_1
regieleki,transistor,ability_1
regidrago,dragons-maw,ability_1
glastrier,chilling-neigh,ability_1
spectrier,grim-neigh,ability_1
calyrex,unnerve,ability_1
calyrex-ice,as-one-ice,ability_1
calyrex-shadow,as-one-shadow,ability_1
